asdf_id,viirs_ntl_annual_v20_avg_masked.2019.sum,viirs_ntl_annual_v20_avg_masked.2019.max,viirs_ntl_annual_v20_avg_masked.2019.mean,viirs_ntl_annual_v20_avg_masked.2019.min,viirs_ntl_annual_v20_avg_masked.2019.count,viirs_ntl_annual_v20_avg_masked.2014.sum,viirs_ntl_annual_v20_avg_masked.2014.max,viirs_ntl_annual_v20_avg_masked.2014.mean,viirs_ntl_annual_v20_avg_masked.2014.min,viirs_ntl_annual_v20_avg_masked.2014.count,viirs_ntl_annual_v20_avg_masked.2012.sum,viirs_ntl_annual_v20_avg_masked.2012.max,viirs_ntl_annual_v20_avg_masked.2012.mean,viirs_ntl_annual_v20_avg_masked.2012.min,viirs_ntl_annual_v20_avg_masked.2012.count,viirs_ntl_annual_v20_avg_masked.2016.sum,viirs_ntl_annual_v20_avg_masked.2016.max,viirs_ntl_annual_v20_avg_masked.2016.mean,viirs_ntl_annual_v20_avg_masked.2016.min,viirs_ntl_annual_v20_avg_masked.2016.count,viirs_ntl_annual_v20_avg_masked.2015.sum,viirs_ntl_annual_v20_avg_masked.2015.max,viirs_ntl_annual_v20_avg_masked.2015.mean,viirs_ntl_annual_v20_avg_masked.2015.min,viirs_ntl_annual_v20_avg_masked.2015.count,viirs_ntl_annual_v20_avg_masked.2013.sum,viirs_ntl_annual_v20_avg_masked.2013.max,viirs_ntl_annual_v20_avg_masked.2013.mean,viirs_ntl_annual_v20_avg_masked.2013.min,viirs_ntl_annual_v20_avg_masked.2013.count,viirs_ntl_annual_v20_avg_masked.2017.sum,viirs_ntl_annual_v20_avg_masked.2017.max,viirs_ntl_annual_v20_avg_masked.2017.mean,viirs_ntl_annual_v20_avg_masked.2017.min,viirs_ntl_annual_v20_avg_masked.2017.count,viirs_ntl_annual_v20_avg_masked.2020.sum,viirs_ntl_annual_v20_avg_masked.2020.max,viirs_ntl_annual_v20_avg_masked.2020.mean,viirs_ntl_annual_v20_avg_masked.2020.min,viirs_ntl_annual_v20_avg_masked.2020.count,viirs_ntl_annual_v20_avg_masked.2018.sum,viirs_ntl_annual_v20_avg_masked.2018.max,viirs_ntl_annual_v20_avg_masked.2018.mean,viirs_ntl_annual_v20_avg_masked.2018.min,viirs_ntl_annual_v20_avg_masked.2018.count,Level,gqid,id,shapeGroup,shapeID,shapeName,shapeType
0,6597.04492188,49.1739120483,2.00962280893,0.0,3294.38012695,6798.80273438,60.964225769,2.07046865405,0.0,3294.38012695,4919.734375,36.7050247192,1.49814780304,0.0,3294.38012695,6608.57421875,56.2795410156,2.01271056165,0.0,3294.38012695,6533.11523438,51.8306884766,1.98979740757,0.0,3294.38012695,4105.91992188,34.7351951599,1.2504528459,0.0,3294.38012695,7464.18554688,50.9676551819,2.27371513836,0.0,3294.38012695,6078.79541016,41.7135314941,1.85209940638,0.0,3294.38012695,6560.50341797,46.2713241577,1.99871471036,0.0,3294.38012695,ADM2,0,0,BIH,BIH-ADM2-47562260B74177273,Brčko distrikt Bosne i Hercegovine,ADM2
1,875.883239746,20.9015903473,0.446569589075,0.0,1992.14013672,573.718994141,16.8603858948,0.292322553746,0.0,1992.14013672,381.87878418,10.8465948105,0.194359133841,0.0,1992.14013672,532.458374023,16.8593235016,0.271332123065,0.0,1992.14013672,626.322814941,19.0235671997,0.31908631893,0.0,1992.14013672,380.150726318,11.101099968,0.193477566891,0.0,1992.14013672,793.975769043,18.0626316071,0.404537265923,0.0,1992.14013672,846.73059082,16.9208011627,0.431944121357,0.0,1992.14013672,761.141662598,19.7214698792,0.387302416898,0.0,1992.14013672,ADM2,1,1,BIH,BIH-ADM2-47562260B8730406,Vukosavlje,ADM2
2,10226.1699219,82.2127151489,1.27542003135,0.0,8022.12988281,9176.61914062,82.7697219849,1.14418213452,0.0,8022.12988281,7982.37255859,57.9316101074,0.995273500486,0.0,8022.12988281,9727.10546875,81.152633667,1.21287811902,0.0,8022.12988281,8857.34863281,82.2192687988,1.10444303579,0.0,8022.12988281,5966.30322266,52.1925506592,0.743945640486,0.0,8022.12988281,11007.8730469,88.066734314,1.37263581163,0.0,8022.12988281,9203.19140625,77.2886657715,1.14798346699,0.0,8022.12988281,10269.8925781,80.2084121704,1.280721177,0.0,8022.12988281,ADM2,2,2,BIH,BIH-ADM2-47562260B51810097,Banja Luka,ADM2
3,3321.89916992,27.0678653717,0.51690565179,0.0,6421.59033203,2342.9621582,25.0558414459,0.364501562681,0.0,6421.59033203,1854.35583496,21.5910301208,0.288570512967,0.0,6421.59033203,2412.10864258,29.0516109467,0.375264792243,0.0,6421.59033203,2591.4987793,29.5674953461,0.403139557541,0.0,6421.59033203,1351.48535156,15.7335309982,0.210282992068,0.0,6421.59033203,2877.22583008,30.0250911713,0.447759487285,0.0,6421.59033203,3204.01489258,35.329044342,0.498687298852,0.0,6421.59033203,2780.34545898,26.7520675659,0.43279092411,0.0,6421.59033203,ADM2,3,3,BIH,BIH-ADM2-47562260B75665015,Bihac,ADM2
4,5459.58251953,49.1170921326,1.12311484334,0.0,4873.29003906,4877.39697266,50.7461662292,1.00295562028,0.0,4873.29003906,3493.85253906,31.0875549316,0.718763890378,0.0,4873.29003906,4502.88574219,53.0519828796,0.925959075087,0.0,4873.29003906,4716.55419922,50.2052230835,0.96983636353,0.0,4873.29003906,3122.98193359,27.0124416351,0.642227598308,0.0,4873.29003906,5291.44873047,58.6051483154,1.08826487728,0.0,4873.29003906,5169.06884766,50.5989990234,1.06320437627,0.0,4873.29003906,5117.04345703,49.8881263733,1.05264257953,0.0,4873.29003906,ADM2,4,4,BIH,BIH-ADM2-47562260B22040730,Bijeljina,ADM2
5,4048.52441406,48.5918655396,0.923919868441,0.0,4397.78027344,2293.50439453,34.0625038147,0.523758164306,0.0,4397.78027344,1806.11340332,29.30427742,0.412579473706,0.0,4397.78027344,3071.84814453,56.0269622803,0.700819227804,0.0,4397.78027344,2364.73022461,35.0519638062,0.539879848341,0.0,4397.78027344,1331.40979004,22.702123642,0.30427231302,0.0,4397.78027344,3807.39477539,51.4366645813,0.868850396107,0.0,4397.78027344,4090.13232422,41.12865448,0.933515342299,0.0,4397.78027344,3603.10546875,40.6820755005,0.822383178554,0.0,4397.78027344,ADM2,5,5,BIH,BIH-ADM2-47562260B38681216,Doboj,ADM2
6,1216.31396484,22.9091243744,0.532348694278,0.0,2286.43994141,635.753173828,17.9502487183,0.27816923963,0.0,2286.43994141,412.317626953,13.3926515579,0.180441508904,0.0,2286.43994141,824.774169922,22.3965415955,0.360849702015,0.0,2286.43994141,755.709350586,21.3195228577,0.330642579335,0.0,2286.43994141,413.08190918,12.0097446442,0.180715833027,0.0,2286.43994141,1110.15136719,23.7090816498,0.485799610654,0.0,2286.43994141,1071.88195801,16.0425128937,0.4691526898,0.0,2286.43994141,989.045776367,16.5754756927,0.432855515094,0.0,2286.43994141,ADM2,6,6,BIH,BIH-ADM2-47562260B68809650,Jajce,ADM2
7,10250.7363281,68.0620269775,1.39131371007,0.0,7382.02978516,7493.72558594,75.7391738892,1.01695334649,0.0,7382.02978516,4643.62890625,57.0594406128,0.630201627357,0.0,7382.02978516,8896.37890625,82.2040710449,1.20736619034,0.0,7382.02978516,8193.33105469,79.641242981,1.11187695798,0.0,7382.02978516,5139.81835938,50.7257347107,0.697516878003,0.0,7382.02978516,10008.2246094,81.4998474121,1.35835563195,0.0,7382.02978516,10355.0039062,74.4730072021,1.40542788735,0.0,7382.02978516,9920.16015625,76.9455490112,1.34634289181,0.0,7382.02978516,ADM2,7,7,BIH,BIH-ADM2-47562260B33703050,Mostar,ADM2
8,3499.22924805,38.079875946,0.639846471026,0.0,5470.71972656,2674.35400391,31.522195816,0.488940163866,0.0,5470.71972656,1700.19970703,18.1491851807,0.310860470605,0.0,5470.71972656,2868.546875,36.1183891296,0.524437504848,0.0,5470.71972656,2712.3515625,33.8073768616,0.495909896867,0.0,5470.71972656,1656.88232422,20.1242179871,0.302908513,0.0,5470.71972656,3490.38964844,38.9009017944,0.63817894593,0.0,5470.71972656,3218.51757812,30.6661491394,0.588633277072,0.0,5470.71972656,3338.06738281,37.1952781677,0.610425016768,0.0,5470.71972656,ADM2,8,8,BIH,BIH-ADM2-47562260B44346645,Prijedor,ADM2
9,2589.83789062,54.5433921814,0.471848132932,0.0,5498.70019531,1808.92871094,55.2716522217,0.329554885862,0.0,5498.70019531,1211.48425293,37.571144104,0.220775328014,0.0,5498.70019531,2024.80175781,62.9684066772,0.368721036788,0.0,5498.70019531,1961.91088867,62.0763206482,0.357377368908,0.0,5498.70019531,1115.09643555,31.4668426514,0.203212684748,0.0,5498.70019531,2144.36767578,58.9533348083,0.390565879653,0.0,5498.70019531,2651.6574707,55.288860321,0.48309714736,0.0,5498.70019531,2356.06738281,54.2123641968,0.429217820801,0.0,5498.70019531,ADM2,9,9,BIH,BIH-ADM2-47562260B32128116,Trebinje,ADM2
10,5549.578125,90.5691757202,1.51108933833,0.0,3681.49023438,4575.37939453,135.52192688,1.24575661641,0.0,3681.49023438,2455.73339844,31.2113933563,0.668836039525,0.0,3681.49023438,5213.89746094,159.311096191,1.41942618901,0.0,3681.49023438,4685.27099609,153.924942017,1.27557241442,0.0,3681.49023438,2768.36132812,86.5586776733,0.753703445997,0.0,3681.49023438,5584.34570312,93.5096893311,1.52060008276,0.0,3681.49023438,5170.51318359,107.805465698,1.4078142085,0.0,3681.49023438,5231.02392578,87.1871566772,1.42430998353,0.0,3681.49023438,ADM2,10,10,BIH,BIH-ADM2-47562260B86239008,Zenica,ADM2
11,787.053527832,18.3435935974,0.642235084828,0.0,1229.08007812,386.783935547,9.48063373566,0.315513199996,0.0,1229.08007812,345.516571045,7.18216276169,0.281682052152,0.0,1229.08007812,494.652496338,13.4939622879,0.403340865606,0.0,1229.08007812,483.063659668,10.8072872162,0.393818959799,0.0,1229.08007812,231.150939941,4.86650419235,0.188587329544,0.0,1229.08007812,739.522827148,17.3020782471,0.603347484513,0.0,1229.08007812,808.882080078,18.6584510803,0.660314060109,0.0,1229.08007812,781.012634277,17.7104530334,0.637243023312,0.0,1229.08007812,ADM2,11,11,BIH,BIH-ADM2-47562260B99105468,Banovići,ADM2
12,135.514099121,2.81787633896,0.0746238929313,0.0,1826.58007812,68.1279907227,2.72116732597,0.0373935547517,0.0,1826.58007812,27.1742076874,1.27577531338,0.0149335237654,0.0,1826.58007812,53.9789924622,1.91719901562,0.0296462423398,0.0,1826.58007812,61.1828079224,2.06586527824,0.0335922039892,0.0,1826.58007812,31.4044570923,1.27809858322,0.017259686417,0.0,1826.58007812,95.559967041,2.75716352463,0.0525366957133,0.0,1826.58007812,130.284072876,3.30789065361,0.0716151146322,0.0,1826.58007812,104.500480652,2.08803153038,0.0575624564276,0.0,1826.58007812,ADM2,12,12,BIH,BIH-ADM2-47562260B23747309,Berkovići,ADM2
13,645.804321289,15.9009857178,0.158178835152,0.0,4090.59008789,580.039672852,22.005979538,0.141989476061,0.0,4090.59008789,364.398651123,13.8126630783,0.0892029231568,0.0,4090.59008789,511.867706299,16.9768104553,0.125333744072,0.0,4090.59008789,620.462219238,20.3626880646,0.151908606818,0.0,4090.59008789,401.47277832,16.6432723999,0.0982900395485,0.0,4090.59008789,637.580932617,16.4767398834,0.156097926022,0.0,4090.59008789,601.431640625,15.0120649338,0.14728986452,0.0,4090.59008789,588.508178711,14.8447904587,0.144122245624,0.0,4090.59008789,ADM2,13,13,BIH,BIH-ADM2-47562260B27670273,Bileća,ADM2
14,3821.11474609,42.2120018005,0.747358369727,0.0,5128.98974609,2599.84521484,32.566947937,0.508721352428,0.0,5128.98974609,2476.34155273,33.0371208191,0.484575685613,0.0,5128.98974609,2722.73876953,34.82554245,0.532806873047,0.0,5128.98974609,2371.96044922,28.0293884277,0.464057154612,0.0,5128.98974609,1591.20141602,21.0689792633,0.311444951558,0.0,5128.98974609,3668.56762695,42.7912254333,0.717611849462,0.0,5128.98974609,3935.91162109,39.9343681335,0.769593537674,0.0,5128.98974609,3556.4284668,39.7497749329,0.695583729687,0.0,5128.98974609,ADM2,14,14,BIH,BIH-ADM2-47562260B63248255,Bosanska Gradiška/Gradiška,ADM2
15,253.165496826,8.84558486938,0.457444391856,0.0,561.719970703,154.010757446,8.88160324097,0.278626000365,0.0,561.719970703,119.902557373,7.45195436478,0.217453963447,0.0,561.719970703,214.63092041,9.62950515747,0.38719406145,0.0,561.719970703,167.351135254,10.8543539047,0.302652830265,0.0,561.719970703,93.6054534912,4.8206615448,0.169553267787,0.0,561.719970703,285.416534424,10.7987546921,0.51472499392,0.0,561.719970703,247.997161865,8.57330989838,0.448162689214,0.0,561.719970703,271.768096924,9.22435474396,0.490673476393,0.0,561.719970703,ADM2,15,15,BIH,BIH-ADM2-47562260B78130325,Bosanska Kostajnica/Kostajnica,ADM2
16,556.815246582,16.6473522186,0.150229264503,0.0,3719.5,314.259033203,13.4484348297,0.0846159413613,0.0,3719.5,309.874694824,12.7890701294,0.0833537381129,0.0,3719.5,383.337768555,18.3434181213,0.103231037412,0.0,3719.5,399.225006104,19.9530296326,0.10745925949,0.0,3719.5,205.46194458,8.12951374054,0.0552511480036,0.0,3719.5,456.226104736,17.951795578,0.12291368525,0.0,3719.5,558.162475586,15.4212799072,0.150567473093,0.0,3719.5,488.51550293,17.5807628632,0.131814115415,0.0,3719.5,ADM2,16,16,BIH,BIH-ADM2-47562260B33733730,Bosanska Krupa,ADM2
17,1328.68212891,23.0592308044,0.397748371268,0.0,3355.14013672,1215.29101562,21.3695812225,0.363835072423,0.0,3355.14013672,825.543151855,13.5331716537,0.247352511435,0.0,3355.14013672,1203.69519043,22.7630825043,0.360458208359,0.0,3355.14013672,1203.29064941,20.957075119,0.360166829134,0.0,3355.14013672,673.071838379,11.7386217117,0.201536126612,0.0,3355.14013672,1409.16430664,23.6005477905,0.421931949112,0.0,3355.14013672,1252.84033203,22.2272224426,0.375354113956,0.0,3355.14013672,1298.88439941,21.430103302,0.388882696065,0.0,3355.14013672,ADM2,17,17,BIH,BIH-ADM2-47562260B44666988,Bosanska/Kozarska Dubica,ADM2
18,1228.12744141,47.6355705261,0.822760199469,0.0,1527.84997559,1452.90405273,50.2799301147,0.971882898323,0.0,1527.84997559,1072.06396484,34.0807952881,0.715866671496,0.0,1527.84997559,1411.53210449,57.0384712219,0.945480481012,0.0,1527.84997559,1368.21508789,55.2080574036,0.915777630753,0.0,1527.84997559,959.40625,37.1565246582,0.64191948814,0.0,1527.84997559,1464.45666504,50.6946754456,0.979997924904,0.0,1527.84997559,1165.50402832,40.4354095459,0.778949506072,0.0,1527.84997559,1426.02709961,47.2371711731,0.952640213897,0.0,1527.84997559,ADM2,18,18,BIH,BIH-ADM2-47562260B39813205,Bosanski Brod,ADM2
19,529.105102539,16.3620605469,0.170512132828,0.0,3139.06005859,336.805664062,18.2252120972,0.109097521676,0.0,3139.06005859,170.454940796,8.2898979187,0.0551575467264,0.0,3139.06005859,396.789978027,19.3211097717,0.128219718181,0.0,3139.06005859,347.074951172,16.4333724976,0.112094675744,0.0,3139.06005859,185.471496582,10.61992836,0.059975843043,0.0,3139.06005859,507.488525391,17.780166626,0.163614274086,0.0,3139.06005859,561.745849609,12.0002336502,0.180871490671,0.0,3139.06005859,491.004089355,17.7965068817,0.158389178445,0.0,3139.06005859,ADM2,19,19,BIH,BIH-ADM2-47562260B40301269,Bosanski Novi/Novi,ADM2
20,531.401733398,13.4330387115,0.104642502,0.0,5089.66943359,272.591949463,8.46783256531,0.0537925820353,0.0,5089.66943359,123.540855408,5.06817770004,0.0244457322903,0.0,5089.66943359,520.341064453,13.9713487625,0.102489533158,0.0,5089.66943359,463.471221924,11.847369194,0.0913267853537,0.0,5089.66943359,127.404289246,4.65649080276,0.0251728929254,0.0,5089.66943359,822.447387695,16.3843421936,0.161999150442,0.0,5089.66943359,484.93951416,13.1035108566,0.095524504431,0.0,5089.66943359,810.667175293,17.7163448334,0.159660477701,0.0,5089.66943359,ADM2,20,20,BIH,BIH-ADM2-47562260B52989766,Bosanski Petrovac,ADM2
21,1443.89648438,27.5293235779,1.27825504527,0.0,1138.10009766,1297.36364746,23.6570510864,1.14558224777,0.0,1138.10009766,1068.98657227,16.568315506,0.944252280084,0.0,1138.10009766,1274.13183594,26.8242111206,1.12611838421,0.0,1138.10009766,1192.88586426,23.8047733307,1.0538725647,0.0,1138.10009766,910.209472656,18.0562553406,0.803650340772,0.0,1138.10009766,1455.2277832,26.775762558,1.28722088727,0.0,1138.10009766,1290.28759766,17.6002101898,1.14224466481,0.0,1138.10009766,1308.9786377,21.9439334869,1.1583264496,0.0,1138.10009766,ADM2,21,21,BIH,BIH-ADM2-47562260B23800792,Bosanski Šamac/Šamac,ADM2
22,82.1776046753,4.17153263092,0.0159156363777,0.0,5202.56005859,47.9884109497,2.32313537598,0.00930969377972,0.0,5202.56005859,50.2196655273,2.67872238159,0.00969098676628,0.0,5202.56005859,45.4656219482,5.32321023941,0.00889856127613,0.0,5202.56005859,32.0969963074,3.44914722443,0.00629243162094,0.0,5202.56005859,34.9287796021,1.50451612473,0.00675655848895,0.0,5202.56005859,103.376045227,6.01230335236,0.0200307984824,0.0,5202.56005859,75.1694335938,3.19349789619,0.0145642166461,0.0,5202.56005859,69.1442489624,5.04475498199,0.0134219327747,0.0,5202.56005859,ADM2,22,22,BIH,BIH-ADM2-47562260B57352460,Bosansko Grahovo,ADM2
23,364.135620117,10.6219320297,0.821583886362,0.0,449.839996338,242.886199951,9.54487419128,0.547542478709,0.0,449.839996338,160.97958374,6.80288743973,0.363809917569,0.0,449.839996338,216.279251099,8.68221759796,0.488396883962,0.0,449.839996338,209.447113037,7.64074277878,0.472330624676,0.0,449.839996338,141.174713135,6.17295837402,0.318761445449,0.0,449.839996338,285.406311035,11.0413341522,0.64484968722,0.0,449.839996338,380.542419434,11.2151536942,0.857768478537,0.0,449.839996338,299.987823486,10.4045038223,0.677878303658,0.0,449.839996338,ADM2,23,23,BIH,BIH-ADM2-47562260B53656353,Breza,ADM2
24,1146.63391113,27.4781761169,0.477174924241,0.0,2405.14990234,732.565185547,17.0544147491,0.304771648701,0.0,2405.14990234,496.320861816,9.42727565765,0.206475537126,0.0,2405.14990234,902.402404785,23.4665107727,0.375417826646,0.0,2405.14990234,703.953674316,18.0191135406,0.292879627871,0.0,2405.14990234,482.928985596,11.682477951,0.200898383446,0.0,2405.14990234,1010.07275391,23.6533374786,0.420422141465,0.0,2405.14990234,967.102783203,20.2755432129,0.40256300519,0.0,2405.14990234,971.982299805,23.0993232727,0.404607014995,0.0,2405.14990234,ADM2,24,24,BIH,BIH-ADM2-47562260B85547558,Bugojno,ADM2
25,811.511657715,15.150308609,0.786355965534,0.0,1038.12011719,560.697875977,12.5549097061,0.543366725638,0.0,1038.12011719,387.579589844,8.14796733856,0.375525906982,0.0,1038.12011719,540.342651367,12.0760354996,0.523773998503,0.0,1038.12011719,518.434936523,12.3506374359,0.502424778213,0.0,1038.12011719,371.460449219,10.2089834213,0.360048791575,0.0,1038.12011719,792.046508789,16.5468120575,0.767350209931,0.0,1038.12011719,811.476806641,14.5238800049,0.785780383238,0.0,1038.12011719,675.885253906,11.6853580475,0.654961303558,0.0,1038.12011719,ADM2,25,25,BIH,BIH-ADM2-47562260B74474189,Busovača,ADM2
26,452.435424805,6.52096748352,0.524635900655,0.0,868.940063477,231.278411865,5.23350477219,0.267113182589,0.0,868.940063477,192.278213501,5.33989143372,0.221551108546,0.0,868.940063477,300.955505371,5.73408412933,0.347642301408,0.0,868.940063477,299.894470215,5.4936876297,0.346294284082,0.0,868.940063477,131.045593262,3.45600247383,0.150949118008,0.0,868.940063477,392.784667969,8.01056098938,0.454114212661,0.0,868.940063477,512.985473633,7.52282953262,0.594593433538,0.0,868.940063477,443.865997314,7.0894036293,0.513637841106,0.0,868.940063477,ADM2,26,26,BIH,BIH-ADM2-47562260B57760445,Bužim,ADM2
27,164.446594238,8.98386669159,0.0939702090021,0.0,1753.05004883,92.1854629517,7.86654520035,0.052757074933,0.0,1753.05004883,100.985870361,8.49653053284,0.0576731779033,0.0,1753.05004883,111.183486938,7.90428256989,0.0635275883168,0.0,1753.05004883,107.259262085,7.99862623215,0.0612974649331,0.0,1753.05004883,71.3295059204,5.86768817902,0.0408123952208,0.0,1753.05004883,147.854354858,9.25316238403,0.0844772776118,0.0,1753.05004883,163.187011719,8.40556526184,0.0932437972235,0.0,1753.05004883,162.853668213,10.1391954422,0.0930284785308,0.0,1753.05004883,ADM2,27,27,BIH,BIH-ADM2-47562260B76431073,Čajniče,ADM2
28,1641.59008789,23.450969696,1.00860970611,0.0,1639.66992188,1256.84631348,27.163105011,0.773017474504,0.0,1639.66992188,700.240783691,20.8614673615,0.431195228892,0.0,1639.66992188,1192.58691406,29.5800189972,0.733694301233,0.0,1639.66992188,1216.39831543,28.1153945923,0.748279238495,0.0,1639.66992188,832.218200684,19.9841384888,0.512304334002,0.0,1639.66992188,1444.79663086,24.4932022095,0.888429063575,0.0,1639.66992188,1822.20458984,32.3026809692,1.1191344999,0.0,1639.66992188,1349.75671387,20.9056892395,0.829393511652,0.0,1639.66992188,ADM2,28,28,BIH,BIH-ADM2-47562260B33618476,Čapljina,ADM2
29,2107.02246094,20.886384964,0.918114077392,0.0,2304.05004883,1429.50744629,18.8059310913,0.622263388766,0.0,2304.05004883,1247.4699707,22.5775775909,0.543036422309,0.0,2304.05004883,1500.30725098,27.0554981232,0.65326299402,0.0,2304.05004883,1566.64099121,25.1681194305,0.682088758538,0.0,2304.05004883,815.717529297,12.8604621887,0.355018869679,0.0,2304.05004883,1883.53991699,25.6645755768,0.820645195815,0.0,2304.05004883,2359.85717773,24.2903556824,1.02814269,0.0,2304.05004883,1981.21606445,25.2766132355,0.863414798688,0.0,2304.05004883,ADM2,29,29,BIH,BIH-ADM2-47562260B84242013,Cazin,ADM2
30,186.896453857,3.40802931786,0.206195146874,0.0,918.770019531,161.628723145,2.91188621521,0.177937226797,0.0,918.770019531,78.8924560547,2.47305083275,0.0872270313004,0.0,918.770019531,130.348266602,2.46668982506,0.143893441784,0.0,918.770019531,134.692459106,3.96557044983,0.14878940532,0.0,918.770019531,68.2186965942,1.65631842613,0.0754776349151,0.0,918.770019531,223.891494751,3.51258230209,0.246645657313,0.0,918.770019531,170.496246338,3.21031427383,0.188283438508,0.0,918.770019531,187.673522949,3.36902117729,0.206934193758,0.0,918.770019531,ADM2,30,30,BIH,BIH-ADM2-47562260B25980414,Čelić,ADM2
31,587.363464355,16.6998462677,0.24183596927,0.0,2440.09008789,245.537109375,10.2272920609,0.100988889851,0.0,2440.09008789,367.947814941,12.8869791031,0.151234581103,0.0,2440.09008789,270.549804688,13.1686105728,0.111333389403,0.0,2440.09008789,242.973083496,12.2304353714,0.0999477862132,0.0,2440.09008789,151.979644775,5.58505582809,0.0625326385911,0.0,2440.09008789,536.432006836,19.6197967529,0.220536807656,0.0,2440.09008789,652.548461914,15.8216409683,0.268652548665,0.0,2440.09008789,579.282958984,16.6593475342,0.238213470566,0.0,2440.09008789,ADM2,31,31,BIH,BIH-ADM2-47562260B77995553,Čelinac,ADM2
32,2081.28930664,82.1894454956,9.83103336038,0.0,218.570007324,1895.58203125,90.7844467163,8.96048791745,0.0,218.570007324,1536.43286133,70.039390564,7.25710797312,0.0,218.570007324,1855.91577148,76.6197357178,8.76485285287,0.0,218.570007324,1872.35314941,83.9146652222,8.83992765333,0.0,218.570007324,1261.80566406,58.5220756531,5.96326963014,0.0,218.570007324,2177.73486328,94.7907104492,10.279948379,0.0,218.570007324,1916.98339844,80.0352935791,9.05981991269,0.0,218.570007324,1908.56835938,76.8421325684,9.01268969953,0.0,218.570007324,ADM2,32,32,BIH,BIH-ADM2-47562260B89831712,Centar,ADM2
33,1824.37719727,23.9619274139,1.56575537729,0.0,1170.17993164,1501.49511719,22.1038303375,1.28723217968,0.0,1170.17993164,847.391967773,14.0170516968,0.72655567682,0.0,1170.17993164,1433.24084473,22.6568946838,1.22980753788,0.0,1170.17993164,1444.05615234,20.9800777435,1.23841890623,0.0,1170.17993164,1022.34350586,16.8006324768,0.87645702367,0.0,1170.17993164,1722.24926758,21.8562507629,1.47783218,0.0,1170.17993164,1877.9732666,23.9248600006,1.61176979715,0.0,1170.17993164,1684.92724609,22.1920108795,1.44573835687,0.0,1170.17993164,ADM2,33,33,BIH,BIH-ADM2-47562260B57103582,Čitluk,ADM2
34,1237.03601074,27.7923908234,0.359251898195,0.0,3447.52978516,822.174987793,28.3892707825,0.238451488727,0.0,3447.52978516,733.089538574,21.4888210297,0.212633485589,0.0,3447.52978516,938.443969727,29.6625576019,0.272198928717,0.0,3447.52978516,824.665344238,25.3531627655,0.239215261772,0.0,3447.52978516,451.321350098,13.2949724197,0.130920441453,0.0,3447.52978516,1340.93798828,33.3339576721,0.389446138463,0.0,3447.52978516,1197.1184082,24.5906848907,0.347646697559,0.0,3447.52978516,1237.38928223,28.8073692322,0.359366702439,0.0,3447.52978516,ADM2,34,34,BIH,BIH-ADM2-47562260B50698298,Derventa,ADM2
35,430.650817871,6.94221735001,1.67451886571,0.0,260.809997559,418.995117188,7.47513532639,1.62599681194,0.0,260.809997559,431.18737793,7.29435348511,1.67144548872,0.0,260.809997559,418.636047363,7.90429449081,1.62413330378,0.0,260.809997559,350.069030762,6.10226726532,1.35866449318,0.0,260.809997559,345.039611816,6.30978059769,1.33793116385,0.0,260.809997559,480.239868164,7.92461776733,1.86334310966,0.0,260.809997559,432.647399902,5.86691522598,1.68392960934,0.0,260.809997559,401.843688965,6.23011493683,1.56070662763,0.0,260.809997559,ADM2,35,35,BIH,BIH-ADM2-47562260B733968,Doboj Istok,ADM2
36,243.398681641,11.9109830856,3.67176874568,0.0,68.4499969482,194.191223145,11.316072464,2.93504850155,0.0,68.4499969482,162.580886841,9.24506950378,2.45730683175,0.0,68.4499969482,188.47303772,11.1967382431,2.84924984179,0.0,68.4499969482,191.583084106,11.8848829269,2.90173401654,0.0,68.4499969482,129.499938965,7.11638784409,1.95705883199,0.0,68.4499969482,198.804656982,9.91843986511,3.00372587171,0.0,68.4499969482,240.193695068,11.2886619568,3.62891901365,0.879964292049,68.4499969482,220.474334717,10.4134616852,3.32676210202,0.0,68.4499969482,ADM2,36,36,BIH,BIH-ADM2-47562260B84366254,Doboj Jug,ADM2
37,42.516368866,2.68095016479,0.103338665295,0.0,416.849975586,22.1157684326,1.51032233238,0.0536853087704,0.0,416.849975586,16.3125152588,1.65817821026,0.0393720079369,0.0,416.849975586,22.4434700012,2.04214882851,0.0545740413512,0.0,416.849975586,29.7020053864,2.57491326332,0.0721785334421,0.0,416.849975586,15.2940187454,1.51456618309,0.0369872366486,0.0,416.849975586,46.3667984009,3.06005501747,0.112838718063,0.0,416.849975586,42.7536964417,2.57949829102,0.104083765907,0.0,416.849975586,43.6912002563,2.91518425941,0.106317086662,0.0,416.849975586,ADM2,37,37,BIH,BIH-ADM2-47562260B725009,Dobretići,ADM2
38,452.607299805,15.6108283997,1.76179169705,0.0,262.200012207,344.900390625,11.9652452469,1.33540309988,0.0,262.200012207,249.636749268,8.59839344025,0.968184187695,0.0,262.200012207,404.572845459,15.79666996,1.57039809027,0.0,262.200012207,356.093688965,12.8330335617,1.37881212637,0.0,262.200012207,235.960876465,8.01730728149,0.913477436099,0.0,262.200012207,476.577392578,17.8050384521,1.84798390941,0.0,262.200012207,421.41305542,14.2561645508,1.63995366943,0.0,262.200012207,407.177398682,14.2890834808,1.58224135681,0.0,262.200012207,ADM2,38,38,BIH,BIH-ADM2-47562260B97334229,Domaljevac-Šamac,ADM2
39,364.487762451,12.2629966736,0.165536917896,0.0,2206.85986328,206.759719849,5.47183036804,0.0938240470714,0.0,2206.85986328,116.42829895,3.28488516808,0.0528140146435,0.0,2206.85986328,229.454925537,8.18754386902,0.104121776457,0.0,2206.85986328,199.430145264,5.90260457993,0.0904909012909,0.0,2206.85986328,113.444770813,3.82792329788,0.0514668049215,0.0,2206.85986328,305.133514404,8.60322475433,0.138508270587,0.0,2206.85986328,362.359680176,11.5151062012,0.16457250298,0.0,2206.85986328,308.460144043,8.85032081604,0.140097665407,0.0,2206.85986328,ADM2,39,39,BIH,BIH-ADM2-47562260B49609011,Donji Vakuf,ADM2
40,328.749603271,10.0707187653,1.16054846289,0.0,288.619995117,314.301879883,15.0102787018,1.10322628952,0.0,288.619995117,209.283691406,7.80481052399,0.735036824336,0.0,288.619995117,306.392364502,13.5705547333,1.07857087955,0.0,288.619995117,302.930297852,14.116399765,1.06456019814,0.0,288.619995117,163.447128296,5.64141893387,0.573847479741,0.0,288.619995117,368.113952637,13.9161558151,1.29780240016,0.0,288.619995117,299.151062012,7.66987991333,1.05814081449,0.0,288.619995117,352.341064453,14.0064268112,1.24209922768,0.0,288.619995117,ADM2,40,40,BIH,BIH-ADM2-47562260B34614246,Donji Žabar,ADM2
41,301.785308838,10.4419336319,0.0882232046021,0.0,3420.06005859,203.199981689,8.92806911469,0.0594555420344,0.0,3420.06005859,163.792755127,6.83338880539,0.0478810671917,0.0,3420.06005859,216.706832886,10.3109951019,0.0633892854322,0.0,3420.06005859,189.198150635,9.91417217255,0.0553829825312,0.0,3420.06005859,130.928955078,5.58288097382,0.0382742613159,0.0,3420.06005859,306.417419434,12.1062774658,0.0896771722434,0.0,3420.06005859,277.001586914,8.80955219269,0.0810274997016,0.0,3420.06005859,316.279663086,12.1344490051,0.0925472203401,0.0,3420.06005859,ADM2,41,41,BIH,BIH-ADM2-47562260B8007434,Drvar,ADM2
42,3.38592147827,0.472003877163,0.00672865408529,0.0,503.360015869,2.92748355865,0.366799175739,0.00581747445663,0.0,503.360015869,3.73831915855,0.446988463402,0.00742874728012,0.0,503.360015869,3.47537684441,0.409981518984,0.00690625064378,0.0,503.360015869,5.04191398621,0.672180891037,0.0100193264834,0.0,503.360015869,3.70555233955,0.46081840992,0.00736364185912,0.0,503.360015869,7.29518985748,0.684152364731,0.0144970068218,0.0,503.360015869,11.1108589172,1.28645265102,0.0220797735053,0.0,503.360015869,7.23729515076,0.654868602753,0.0143819400267,0.0,503.360015869,ADM2,42,42,BIH,BIH-ADM2-47562260B69389287,Istočni Drvar,ADM2
43,935.328491211,62.6062660217,5.0839727674,0.0,191.049987793,928.882324219,70.8070983887,5.04653037076,0.0,191.049987793,863.166687012,57.1354446411,4.69532736652,0.0,191.049987793,930.148193359,53.4706268311,5.04379016933,0.0,191.049987793,933.625488281,57.2012519836,5.06679761189,0.0,191.049987793,603.663818359,39.0543823242,3.27945776707,0.0,191.049987793,1045.09777832,60.5982170105,5.66456432556,0.0,191.049987793,848.793212891,70.7555160522,4.62352405008,0.0,191.049987793,1068.77355957,55.3840484619,5.77881076925,0.0,191.049987793,ADM2,43,43,BIH,BIH-ADM2-47562260B99302509,Istočna Ilidža,ADM2
44,21.519197464,1.24707317352,0.0548706928331,0.0,393.08001709,9.82615661621,0.98924779892,0.0250929084257,0.0,393.08001709,3.98874139786,0.612101316452,0.0101961886132,0.0,393.08001709,7.9458990097,0.996708631516,0.0202862161782,0.0,393.08001709,9.76431465149,1.13561809063,0.0248939578595,0.0,393.08001709,4.76085281372,0.621542215347,0.0121353536329,0.0,393.08001709,20.5692405701,1.30548763275,0.0524830554603,0.0,393.08001709,22.7999629974,1.08229422569,0.0580676906784,0.0,393.08001709,13.4676914215,1.11953771114,0.0343338904033,0.0,393.08001709,ADM2,44,44,BIH,BIH-ADM2-47562260B38018753,Istočni Mostar,ADM2
45,1042.46948242,42.1450843811,4.25800063485,0.0,252.840011597,855.986877441,44.9612503052,3.51265587874,0.0,252.840011597,935.407348633,40.5878181458,3.83002865799,0.0,252.840011597,885.152893066,43.7929039001,3.62861906818,0.0,252.840011597,857.217041016,41.4170150757,3.51120796528,0.0,252.840011597,578.650695801,27.3496189117,2.37190030607,0.0,252.840011597,1077.26940918,43.1852302551,4.40425609882,0.0,252.840011597,1021.97076416,45.4483757019,4.17443612178,0.0,252.840011597,1027.22241211,39.8170509338,4.19883855694,0.0,252.840011597,ADM2,45,45,BIH,BIH-ADM2-47562260B18316876,Istočno Novo Sarajevo,ADM2
46,411.695251465,6.95866775513,0.870286597689,0.0,483.089996338,222.533615112,4.1724023819,0.472443178213,0.0,483.089996338,172.954589844,5.75536298752,0.368901807302,0.0,483.089996338,251.954589844,4.85305356979,0.534263971164,0.0,483.089996338,251.189086914,4.87233352661,0.532516331082,0.0,483.089996338,140.686920166,2.69538545609,0.298683452841,0.0,483.089996338,374.172943115,7.56915426254,0.792670565805,0.0,483.089996338,377.304962158,7.46056365967,0.798220757669,0.0,483.089996338,382.674621582,5.61173343658,0.809515728476,0.0,483.089996338,ADM2,46,46,BIH,BIH-ADM2-47562260B62844282,Istočni Stari Grad,ADM2
47,557.770568848,15.2063446045,0.0790623483136,0.0,7061.0703125,427.942871094,14.7089061737,0.0606416477278,0.0,7061.0703125,263.288848877,8.73483085632,0.0373032754413,0.0,7061.0703125,409.127807617,13.8979263306,0.0579681829538,0.0,7061.0703125,392.227630615,13.6797561646,0.0555690852032,0.0,7061.0703125,314.423492432,13.017001152,0.0445247994957,0.0,7061.0703125,524.482910156,16.6929092407,0.0743132741866,0.0,7061.0703125,465.304656982,12.3255472183,0.0659491081051,0.0,7061.0703125,440.693481445,11.0101900101,0.0624648745491,0.0,7061.0703125,ADM2,47,47,BIH,BIH-ADM2-47562260B76520198,Foča,ADM2
48,417.690368652,12.7422170639,0.218540334377,0.0,1914.67004395,359.546020508,21.1620864868,0.188033003917,0.0,1914.67004395,208.009628296,13.3696842194,0.10881991521,0.0,1914.67004395,303.415283203,17.3992099762,0.158688173342,0.0,1914.67004395,334.017944336,21.507314682,0.17472928225,0.0,1914.67004395,226.886077881,14.0474996567,0.118608574173,0.0,1914.67004395,374.166015625,13.8552742004,0.195796915748,0.0,1914.67004395,413.189727783,13.0872335434,0.216284715837,0.0,1914.67004395,363.983276367,14.1643657684,0.190472279295,0.0,1914.67004395,ADM2,48,48,BIH,BIH-ADM2-47562260B61393541,Fojnica,ADM2
49,796.375549316,15.016658783,0.173409231501,0.0,4596.27001953,767.319213867,16.9944553375,0.167140547856,0.0,4596.27001953,462.279174805,11.8795499802,0.100725828494,0.0,4596.27001953,577.963928223,16.486541748,0.125890415435,0.0,4596.27001953,678.328857422,14.9817142487,0.147805837011,0.0,4596.27001953,491.086181641,9.67243289948,0.106974148195,0.0,4596.27001953,726.670898438,16.0319843292,0.158231087731,0.0,4596.27001953,688.950256348,14.0273523331,0.149994643168,0.0,4596.27001953,806.367797852,16.4184246063,0.175557344474,0.0,4596.27001953,ADM2,49,49,BIH,BIH-ADM2-47562260B48558087,Gacko,ADM2
50,212.88659668,14.1744689941,0.0313312631603,0.0,6801.24023438,128.082244873,7.52435779572,0.0188501247672,0.0,6801.24023438,100.945251465,6.10764598846,0.0148558187843,0.0,6801.24023438,116.473770142,7.30720710754,0.017142660047,0.0,6801.24023438,155.011306763,9.15627002716,0.0228134963818,0.0,6801.24023438,79.0694885254,5.00388622284,0.0116363209167,0.0,6801.24023438,163.665206909,8.15958404541,0.0240874292143,0.0,6801.24023438,197.716430664,11.274477005,0.0290981642831,0.0,6801.24023438,159.385299683,8.83086872101,0.0234571057694,0.0,6801.24023438,ADM2,50,50,BIH,BIH-ADM2-47562260B7384404,Glamoč,ADM2
51,592.61114502,16.8719100952,0.36416666153,0.0,1631.39001465,394.809692383,14.5248842239,0.242610025083,0.0,1631.39001465,220.23638916,7.58957958221,0.135365057878,0.0,1631.39001465,378.578430176,14.1335659027,0.232548777664,0.0,1631.39001465,363.543273926,13.3977832794,0.223315213005,0.0,1631.39001465,251.738204956,10.3349561691,0.154685457049,0.0,1631.39001465,523.096435547,17.8979682922,0.321375887599,0.0,1631.39001465,500.511474609,12.3089103699,0.307607142899,0.0,1631.39001465,443.821990967,11.7883310318,0.272805330957,0.0,1631.39001465,ADM2,51,51,BIH,BIH-ADM2-47562260B44274519,Goražde,ADM2
52,653.452453613,17.8109664917,0.247743068451,0.0,2641.58984375,384.532440186,15.4161224365,0.145677556748,0.0,2641.58984375,212.655181885,7.80560112,0.0805703320969,0.0,2641.58984375,390.893096924,14.6671504974,0.148168055916,0.0,2641.58984375,334.303710938,12.3777065277,0.126681467251,0.0,2641.58984375,201.99899292,8.10696792603,0.0765462593154,0.0,2641.58984375,557.370849609,16.874912262,0.211402094899,0.0,2641.58984375,630.831298828,18.579126358,0.23918676049,0.0,2641.58984375,548.167114258,14.9693107605,0.207888123532,0.0,2641.58984375,ADM2,52,52,BIH,BIH-ADM2-47562260B66622354,Gornji Vakuf/Uskoplje,ADM2
53,1075.06140137,20.6066379547,0.754941506204,0.0,1445.23999023,824.581359863,15.2071390152,0.579317194527,0.0,1445.23999023,596.596801758,10.6914396286,0.418457579691,0.0,1445.23999023,870.587524414,15.5697622299,0.611128089882,0.0,1445.23999023,761.605957031,14.9310121536,0.534869706891,0.0,1445.23999023,522.862792969,10.100736618,0.367242747991,0.0,1445.23999023,995.967468262,15.5903530121,0.699110452706,0.0,1445.23999023,1056.08447266,17.0225963593,0.741002980786,0.0,1445.23999023,982.370056152,16.5088062286,0.68949145112,0.0,1445.23999023,ADM2,53,53,BIH,BIH-ADM2-47562260B31875908,Gračanica,ADM2
54,1361.82373047,22.5692920685,0.96439254563,0.0,1418.72998047,856.865356445,15.4131355286,0.60763976741,0.0,1418.72998047,565.037719727,9.96497821808,0.401118153924,0.0,1418.72998047,834.790100098,17.4053249359,0.591582558928,0.0,1418.72998047,814.608520508,15.0733451843,0.577743716628,0.0,1418.72998047,484.13684082,8.90008068085,0.343303436841,0.0,1418.72998047,1216.48986816,20.0155162811,0.861997419088,0.0,1418.72998047,1321.89770508,16.4475593567,0.936029239483,0.0,1418.72998047,1210.60498047,18.5752258301,0.857847884684,0.0,1418.72998047,ADM2,54,54,BIH,BIH-ADM2-47562260B63079280,Gradačac,ADM2
55,1734.28808594,23.733631134,1.18242076876,0.0,1474.87988281,1215.45410156,15.0075588226,0.828643554744,0.0,1474.87988281,601.453857422,8.76837348938,0.410012473751,0.0,1474.87988281,1154.18005371,18.3042316437,0.786798059982,0.0,1474.87988281,1090.36035156,21.001750946,0.743981628924,0.0,1474.87988281,684.159301758,9.90068435669,0.466223519342,0.0,1474.87988281,1552.31420898,17.4144935608,1.05862043809,0.0,1474.87988281,1736.640625,19.3969726562,1.18353871296,0.0,1474.87988281,1544.47167969,26.4245738983,1.05330263624,0.0,1474.87988281,ADM2,55,55,BIH,BIH-ADM2-47562260B90671885,Grude,ADM2
56,1661.22302246,22.1122169495,0.943065525409,0.0,1778.83007812,1073.96191406,24.303560257,0.611313130661,0.0,1778.83007812,855.516296387,14.9665546417,0.485302516004,0.0,1778.83007812,1390.23962402,22.5157241821,0.790112243933,0.0,1778.83007812,1252.19921875,25.2743320465,0.7127993943,0.0,1778.83007812,614.82244873,14.569278717,0.349933777906,0.0,1778.83007812,1693.84606934,22.6206455231,0.961952205919,0.0,1778.83007812,1586.27429199,25.6171989441,0.901206363701,0.0,1778.83007812,1612.65283203,18.8334293365,0.914689267575,0.0,1778.83007812,ADM2,56,56,BIH,BIH-ADM2-47562260B9461007,Hadžići,ADM2
57,196.91204834,8.8439245224,0.0889884685342,0.0,2212.4699707,176.565155029,7.85797739029,0.0797983237694,0.0,2212.4699707,183.927383423,10.576458931,0.0831175832875,0.0,2212.4699707,183.405273438,10.1890859604,0.0828718484583,0.0,2212.4699707,226.656509399,10.9207239151,0.10243129645,0.0,2212.4699707,138.319824219,7.32099485397,0.0625003262335,0.0,2212.4699707,200.877563477,9.21963214874,0.0907681694168,0.0,2212.4699707,193.574005127,9.97509765625,0.0874655978805,0.0,2212.4699707,177.422485352,7.55332708359,0.0801800432737,0.0,2212.4699707,ADM2,57,57,BIH,BIH-ADM2-47562260B2606771,Han Pijesak,ADM2
58,4445.60058594,80.6152420044,5.0390700231,0.0,900.75,4041.87451172,87.94140625,4.58447830661,0.0,900.75,3430.7043457,74.1951980591,3.88534997219,0.0,900.75,3937.37353516,78.1424102783,4.47048954249,0.0,900.75,3850.40380859,80.3345794678,4.36648272905,0.0,900.75,2607.37841797,53.7347335815,2.95691356388,0.0,900.75,4426.15722656,86.4766540527,5.0198312398,0.0,900.75,4159.97705078,77.1951293945,4.71446949697,0.0,900.75,4139.56201172,72.267539978,4.69304202726,0.0,900.75,ADM2,58,58,BIH,BIH-ADM2-47562260B43112410,Ilidža,ADM2
59,1618.87792969,31.7272605896,0.806410780445,0.0,2023.11999512,831.329467773,15.8884954453,0.414878593986,0.0,2023.11999512,660.610961914,10.4318437576,0.32972865844,0.0,2023.11999512,978.802612305,17.2585926056,0.488022371093,0.0,2023.11999512,795.942749023,14.5449142456,0.397009117734,0.0,2023.11999512,542.155029297,9.11427688599,0.2707053314,0.0,2023.11999512,1401.46130371,23.0555171967,0.698258148175,0.0,2023.11999512,1500.26464844,25.895198822,0.747454991921,0.0,2023.11999512,1426.12487793,26.7344589233,0.710658200117,0.0,2023.11999512,ADM2,59,59,BIH,BIH-ADM2-47562260B36818755,Ilijaš,ADM2
60,651.024658203,17.8665847778,0.333623151382,0.0,1957.36987305,411.798339844,13.3096694946,0.210903155179,0.0,1957.36987305,276.140991211,8.89457321167,0.141373793872,0.0,1957.36987305,455.907440186,14.6435594559,0.2333772184,0.0,1957.36987305,440.476898193,13.2031764984,0.225591728059,0.0,1957.36987305,244.496902466,6.91615104675,0.125160164621,0.0,1957.36987305,588.371032715,14.3958654404,0.301616412083,0.0,1957.36987305,631.828918457,21.0128250122,0.323720575035,0.0,1957.36987305,545.905395508,13.4503526688,0.279822771997,0.0,1957.36987305,ADM2,60,60,BIH,BIH-ADM2-47562260B97036508,Jablanica,ADM2
61,83.584022522,3.97729492188,0.219153484663,0.0,389.280029297,47.7858581543,4.0286693573,0.124425529169,0.0,389.280029297,34.169506073,2.70275592804,0.0890425525843,0.0,389.280029297,54.421207428,4.52481746674,0.141981319777,0.0,389.280029297,50.2492523193,4.3701915741,0.130623735178,0.0,389.280029297,24.0140609741,1.27222430706,0.0627953920426,0.0,389.280029297,79.2318954468,5.30722141266,0.207193513104,0.0,389.280029297,82.052482605,4.4498295784,0.214705565377,0.0,389.280029297,70.0435409546,4.35747718811,0.1830654839,0.0,389.280029297,ADM2,61,61,BIH,BIH-ADM2-47562260B9369355,Jezero,ADM2
62,2550.52441406,43.7055244446,1.04633685687,0.0,2442.64990234,2220.96044922,25.4752979279,0.911322185176,0.0,2442.64990234,1593.54052734,19.6759605408,0.65392067941,0.0,2442.64990234,2260.88916016,32.0989532471,0.927472602405,0.0,2442.64990234,2108.82861328,30.9667930603,0.865129796156,0.0,2442.64990234,1518.07299805,19.7329883575,0.622711713037,0.0,2442.64990234,2547.72436523,29.7320384979,1.04525743637,0.0,2442.64990234,2323.29882812,32.1908988953,0.953181112582,0.0,2442.64990234,2192.71582031,26.4710788727,0.899734085249,0.0,2442.64990234,ADM2,62,62,BIH,BIH-ADM2-47562260B89753872,Kakanj,ADM2
63,988.382385254,17.0413341522,0.769146978787,0.0,1292.54003906,584.620727539,16.7072067261,0.455128026464,0.0,1292.54003906,403.147369385,12.5571918488,0.31459892686,0.0,1292.54003906,571.686645508,14.5568704605,0.445493768633,0.0,1292.54003906,555.329101562,15.0487270355,0.432651968987,0.0,1292.54003906,344.079040527,9.14795684814,0.268234183593,0.0,1292.54003906,811.897583008,16.6679439545,0.632214497698,0.0,1292.54003906,975.714477539,14.9172296524,0.758957630702,0.0,1292.54003906,806.656005859,14.4437065125,0.628139003112,0.0,1292.54003906,ADM2,63,63,BIH,BIH-ADM2-47562260B52096206,Kalesija,ADM2
64,121.912712097,13.9290304184,0.0270420156769,0.0,4504.93017578,110.946060181,14.1175498962,0.0246116510591,0.0,4504.93017578,96.7983016968,15.2031955719,0.0214728898242,0.0,4504.93017578,94.4266052246,13.4896059036,0.0209474333355,0.0,4504.93017578,131.170211792,19.0615558624,0.0290977848695,0.0,4504.93017578,78.1842422485,8.92491340637,0.0173437753124,0.0,4504.93017578,139.179122925,17.4052677155,0.0308756365761,0.0,4504.93017578,124.919685364,14.3763160706,0.0277089706984,0.0,4504.93017578,122.78993988,16.5799484253,0.0272395389159,0.0,4504.93017578,ADM2,64,64,BIH,BIH-ADM2-47562260B79614852,Kalinovik,ADM2
65,1035.77648926,25.2954921722,1.04197584205,0.0,1001.72998047,827.493164062,19.8695983887,0.830984517647,0.0,1001.72998047,458.295837402,11.4285488129,0.459867857164,0.0,1001.72998047,828.101806641,21.1189422607,0.833323459136,0.0,1001.72998047,850.408935547,20.4201278687,0.85599713704,0.0,1001.72998047,477.177856445,12.618932724,0.478710541939,0.0,1001.72998047,999.125244141,25.2065906525,1.00583246309,0.0,1001.72998047,968.865539551,19.3540725708,0.974445997141,0.0,1001.72998047,913.137634277,23.4324626923,0.918537999298,0.0,1001.72998047,ADM2,65,65,BIH,BIH-ADM2-47562260B92887484,Kiseljak,ADM2
66,546.312133789,11.8401269913,0.258495931093,0.0,2115.77001953,357.81552124,9.4673948288,0.169191678187,0.0,2115.77001953,313.375671387,8.39329242706,0.148163662104,0.0,2115.77001953,389.156768799,11.4211149216,0.184045434577,0.0,2115.77001953,404.696746826,10.9477424622,0.19150657712,0.0,2115.77001953,226.067977905,5.88450145721,0.106889263411,0.0,2115.77001953,537.290161133,11.6282091141,0.254209890449,0.0,2115.77001953,583.617492676,11.8265342712,0.276091912669,0.0,2115.77001953,504.250335693,11.2423009872,0.238621905652,0.0,2115.77001953,ADM2,66,66,BIH,BIH-ADM2-47562260B82144427,Kladanj,ADM2
67,340.947052002,8.88083934784,0.141640383035,0.0,2411.85986328,242.429748535,10.7163286209,0.100656851474,0.0,2411.85986328,153.457199097,6.97132539749,0.0637210042636,0.0,2411.85986328,279.475128174,15.0969324112,0.116036126464,0.0,2411.85986328,221.085388184,10.8193416595,0.0917958357977,0.0,2411.85986328,141.112411499,6.96485805511,0.0585897046912,0.0,2411.85986328,348.892181396,13.2041282654,0.144906107341,0.0,2411.85986328,372.398681641,9.73271942139,0.154673351058,0.0,2411.85986328,304.97668457,9.25357532501,0.126685564936,0.0,2411.85986328,ADM2,67,67,BIH,BIH-ADM2-47562260B88939663,Ključ,ADM2
68,800.995422363,12.0140714645,0.112107943115,0.0,7154.48046875,504.035308838,9.4959602356,0.0705007571662,0.0,7154.48046875,311.212219238,6.77530956268,0.0435221391391,0.0,7154.48046875,407.429412842,11.0986566544,0.056982111456,0.0,7154.48046875,445.936279297,10.8517990112,0.0623870379689,0.0,7154.48046875,284.931762695,5.8561630249,0.0398425859545,0.0,7154.48046875,635.185180664,10.0993118286,0.088920195508,0.0,7154.48046875,765.4609375,10.2482748032,0.107153808845,0.0,7154.48046875,685.030883789,9.78712177277,0.0958913772457,0.0,7154.48046875,ADM2,68,68,BIH,BIH-ADM2-47562260B18070118,Konjic,ADM2
69,690.460388184,15.5844135284,0.18932107868,0.0,3646.81005859,714.315307617,18.0591487885,0.195726689454,0.0,3646.81005859,641.339660645,14.0220012665,0.175783953921,0.0,3646.81005859,509.816314697,17.8196182251,0.139776487415,0.0,3646.81005859,537.757202148,17.4562454224,0.147436266923,0.0,3646.81005859,528.239135742,12.7800970078,0.144712431251,0.0,3646.81005859,685.15423584,16.3056259155,0.187903138678,0.0,3646.81005859,670.442565918,14.3290452957,0.183936248366,0.0,3646.81005859,633.66784668,14.052901268,0.173786805887,0.0,3646.81005859,ADM2,69,69,BIH,BIH-ADM2-47562260B41063260,Kotor Varoš,ADM2
70,420.075500488,8.49096107483,0.450211511852,0.0,936.409973145,272.08770752,6.0754532814,0.291617427905,0.0,936.409973145,154.74609375,3.5991897583,0.165768737599,0.0,936.409973145,259.82244873,6.65565776825,0.278670680759,0.0,936.409973145,280.239349365,6.21275186539,0.300795278422,0.0,936.409973145,156.490386963,4.76809549332,0.167528519451,0.0,936.409973145,373.700958252,7.72013759613,0.400861461901,0.0,936.409973145,391.013671875,6.54484462738,0.419233992062,0.0,936.409973145,361.179351807,7.4770154953,0.387110357134,0.0,936.409973145,ADM2,70,70,BIH,BIH-ADM2-47562260B29974889,Kreševo,ADM2
71,17.6486968994,2.06315803528,0.0278355746684,0.0,688.689941406,10.4535827637,1.58809244633,0.0159572525489,0.0,688.689941406,6.04313373566,0.860308885574,0.0092253429291,0.0,688.689941406,6.9768204689,1.5633481741,0.0108416216893,0.0,688.689941406,8.61787986755,1.59101080894,0.012970061676,0.0,688.689941406,5.21330833435,0.719515264034,0.00784995000427,0.0,688.689941406,6.98587703705,1.27196586132,0.0110991746449,0.0,688.689941406,17.8739299774,1.67937421799,0.0280623221622,0.0,688.689941406,13.7008972168,1.55567955971,0.021631448133,0.0,688.689941406,ADM2,71,71,BIH,BIH-ADM2-47562260B65071922,Krupa na Uni,ADM2
72,22.9697914124,2.59505414963,0.0775940932397,0.0,299.429992676,29.2330093384,4.08192491531,0.0981954336903,0.0,299.429992676,28.9310150146,3.7345366478,0.0971912937907,0.0,299.429992676,28.5777778625,4.79280233383,0.0959159237975,0.0,299.429992676,30.2060050964,5.15576124191,0.10162337041,0.0,299.429992676,24.0616569519,3.34734940529,0.0808085661455,0.0,299.429992676,25.4033508301,3.23937606812,0.0855280263581,0.0,299.429992676,16.3657836914,1.57140660286,0.0552633410217,0.0,299.429992676,24.2141342163,2.65315508842,0.0815774058646,0.0,299.429992676,ADM2,72,72,BIH,BIH-ADM2-47562260B64987425,Kupres (RS),ADM2
73,583.747680664,18.2914657593,0.153200474797,0.0,3808.35986328,391.575897217,15.740978241,0.102759854018,0.0,3808.35986328,467.019012451,14.7517614365,0.122553723577,0.0,3808.35986328,428.058135986,17.0423069,0.112332284169,0.0,3808.35986328,548.010314941,19.7359313965,0.143818050642,0.0,3808.35986328,321.056549072,11.1034240723,0.0842566033723,0.0,3808.35986328,620.030456543,22.2237930298,0.162717550447,0.0,3808.35986328,523.819213867,20.4379367828,0.137463965133,0.0,3808.35986328,628.692016602,20.8345909119,0.164980121952,0.0,3808.35986328,ADM2,73,73,BIH,BIH-ADM2-47562260B34225491,Kupres,ADM2
74,4460.88183594,26.9189319611,1.75490822535,0.0,2549.86987305,3044.51806641,20.6529178619,1.19826360804,0.0,2549.86987305,2297.97070312,15.7653503418,0.905241569597,0.0,2549.86987305,3625.67382812,25.0796108246,1.42676006149,0.0,2549.86987305,3193.86230469,20.8509559631,1.25685796364,0.0,2549.86987305,1801.51623535,14.233215332,0.709348857619,0.0,2549.86987305,4161.9609375,29.5549736023,1.63756123617,0.0,2549.86987305,4218.51953125,23.6458187103,1.65993304689,0.0,2549.86987305,4128.46582031,24.149684906,1.62417794591,0.0,2549.86987305,ADM2,74,74,BIH,BIH-ADM2-47562260B25655737,Laktaši,ADM2
75,1995.67895508,48.6045532227,0.308517080488,0.0,6473.50976562,1587.33276367,41.2801437378,0.245343164286,0.0,6473.50976562,1231.73913574,35.5483627319,0.190374379477,0.0,6473.50976562,1344.39001465,37.8221817017,0.207787879226,0.0,6473.50976562,1345.13122559,39.0137748718,0.207906614144,0.0,6473.50976562,940.010742188,28.7542972565,0.145288145375,0.0,6473.50976562,1846.16210938,42.6271781921,0.285419918759,0.0,6473.50976562,1773.14221191,43.4443817139,0.274103410669,0.0,6473.50976562,1811.49084473,43.540599823,0.280054288595,0.0,6473.50976562,ADM2,75,75,BIH,BIH-ADM2-47562260B11268870,Livno,ADM2
76,172.293121338,10.9861564636,0.0778169272698,0.0,2213.7199707,96.9584579468,6.5794467926,0.0437912316217,0.0,2213.7199707,66.4352111816,4.81778335571,0.030005432521,0.0,2213.7199707,108.40838623,9.52307605743,0.0489633053815,0.0,2213.7199707,103.838241577,8.43230724335,0.0468986240986,0.0,2213.7199707,72.357925415,5.26258993149,0.0326803367755,0.0,2213.7199707,142.674041748,10.3367948532,0.0644393288854,0.0,2213.7199707,164.065078735,11.142493248,0.0741006229808,0.0,2213.7199707,144.691101074,9.4501914978,0.0653499358927,0.0,2213.7199707,ADM2,76,76,BIH,BIH-ADM2-47562260B30171137,Ljubinje,ADM2
77,2997.98217773,36.2184333801,1.55847155458,0.0,1936.90002441,2257.99072266,32.1861228943,1.17524266868,0.0,1936.90002441,1029.71362305,19.7914123535,0.534497647384,0.0,1936.90002441,2190.79589844,30.7611541748,1.13981776279,0.0,1936.90002441,2167.05322266,29.643989563,1.12736223468,0.0,1936.90002441,1421.54052734,22.811340332,0.738752348293,0.0,1936.90002441,2794.69555664,35.6640968323,1.45320233734,0.0,1936.90002441,3017.25317383,38.1556282043,1.56738378505,0.0,1936.90002441,2755.06347656,35.6094665527,1.43241266373,0.0,1936.90002441,ADM2,77,77,BIH,BIH-ADM2-47562260B21237385,Ljubuški,ADM2
78,415.435241699,4.21228885651,0.196021558866,0.0,2137.14990234,344.473999023,4.24128341675,0.162743110239,0.0,2137.14990234,247.389282227,5.10380220413,0.116960734287,0.0,2137.14990234,303.186584473,4.32136631012,0.143289523334,0.0,2137.14990234,342.629577637,4.28664731979,0.161885483302,0.0,2137.14990234,190.313049316,5.74068975449,0.0900372617243,0.0,2137.14990234,425.528564453,4.49170398712,0.201003470796,0.0,2137.14990234,449.938751221,4.31794834137,0.212092172971,0.0,2137.14990234,411.756347656,4.3840136528,0.194302890027,0.0,2137.14990234,ADM2,78,78,BIH,BIH-ADM2-47562260B4390639,Lopare,ADM2
79,3219.21582031,59.5168113708,1.44929621044,0.0,2227.85009766,2584.30810547,26.2268619537,1.16343247481,0.0,2227.85009766,1985.34082031,20.8069972992,0.893688196683,0.0,2227.85009766,2728.21484375,45.8717422485,1.22830359491,0.0,2227.85009766,2822.38476562,53.5010414124,1.27012344883,0.0,2227.85009766,1725.64111328,14.5147008896,0.776770651642,0.0,2227.85009766,3211.48925781,68.4810791016,1.44590997042,0.0,2227.85009766,3469.1171875,138.502975464,1.56101265928,0.0,2227.85009766,3022.93847656,86.5823287964,1.36098792187,0.0,2227.85009766,ADM2,79,79,BIH,BIH-ADM2-47562260B53504874,Lukavac,ADM2
80,843.311645508,16.8331165314,0.433861655621,0.0,1954.14990234,446.30657959,8.52689743042,0.230326576763,0.0,1954.14990234,402.933898926,10.2498254776,0.207648378909,0.0,1954.14990234,571.162353516,12.9891834259,0.293962896391,0.0,1954.14990234,518.668579102,12.116651535,0.267094729639,0.0,1954.14990234,309.093994141,5.64585924149,0.159308948905,0.0,1954.14990234,759.866210938,15.2819013596,0.391207670328,0.0,1954.14990234,856.633911133,15.3899383545,0.441038999048,0.0,1954.14990234,751.081665039,13.7026109695,0.386560825283,0.0,1954.14990234,ADM2,80,80,BIH,BIH-ADM2-47562260B27533747,Maglaj,ADM2
81,492.095581055,16.7520008087,0.265117683202,0.0,1860.60998535,292.290588379,9.96058368683,0.157391412178,0.0,1860.60998535,158.588867188,6.91613197327,0.085327887701,0.0,1860.60998535,268.77746582,10.0748529434,0.144774856471,0.0,1860.60998535,282.830200195,9.11726665497,0.152456758772,0.0,1860.60998535,159.310699463,6.51182603836,0.0857580499022,0.0,1860.60998535,431.87789917,15.1883506775,0.232673235291,0.0,1860.60998535,457.554656982,15.0590229034,0.246378698825,0.0,1860.60998535,448.254516602,13.9012928009,0.241553894814,0.0,1860.60998535,ADM2,81,81,BIH,BIH-ADM2-47562260B31479664,Milići,ADM2
82,1542.86682129,25.3541717529,0.696805816464,0.0,2222.5,1294.51489258,25.7677574158,0.584443311392,0.0,2222.5,960.314575195,19.2616901398,0.433487275449,0.0,2222.5,1248.65087891,23.1330699921,0.563617978969,0.0,2222.5,1185.68481445,21.4385433197,0.535308046494,0.0,2222.5,764.251647949,12.9906377792,0.345038981172,0.0,2222.5,1685.8894043,28.6932888031,0.761188087671,0.0,2222.5,1468.5222168,18.582075119,0.663334393983,0.0,2222.5,1470.64208984,22.7209129333,0.664131315059,0.0,2222.5,ADM2,82,82,BIH,BIH-ADM2-47562260B18828877,Modriča,ADM2
83,1251.83032227,29.5154399872,0.287305696998,0.0,4365.85009766,892.504089355,22.9194507599,0.204763248128,0.0,4365.85009766,626.580810547,21.9132175446,0.143773980964,0.0,4365.85009766,1026.91040039,28.1929473877,0.23570838559,0.0,4365.85009766,977.055419922,27.3798847198,0.224178610459,0.0,4365.85009766,560.086853027,15.8692121506,0.12850692403,0.0,4365.85009766,1257.90344238,30.5420017242,0.288792117083,0.0,4365.85009766,1275.48657227,29.7331771851,0.292696634249,0.0,4365.85009766,1235.82678223,30.9391918182,0.283569373608,0.0,4365.85009766,ADM2,83,83,BIH,BIH-ADM2-47562260B12781352,Mrkonjic Grad,ADM2
84,586.409912109,24.9967269897,0.37354193851,0.0,1582.13000488,449.874176025,22.5358009338,0.286909425176,0.0,1582.13000488,227.126159668,13.991024971,0.144228804061,0.0,1582.13000488,433.585998535,21.7863712311,0.276443563249,0.0,1582.13000488,450.362518311,20.8576316833,0.287235630486,0.0,1582.13000488,280.96105957,14.0577888489,0.179151764633,0.0,1582.13000488,516.158081055,21.0984611511,0.329213644775,0.0,1582.13000488,578.803710938,24.8678245544,0.368753372168,0.0,1582.13000488,502.610137939,19.8507404327,0.320500630465,0.0,1582.13000488,ADM2,84,84,BIH,BIH-ADM2-47562260B22765603,Neum,ADM2
85,365.020385742,12.7509174347,0.0611914211647,0.0,5973.31005859,203.031799316,9.20554161072,0.034015284881,0.0,5973.31005859,134.379501343,6.08547496796,0.0225044734203,0.0,5973.31005859,224.09085083,10.6944599152,0.0375339520531,0.0,5973.31005859,236.097259521,11.0366659164,0.0395538410752,0.0,5973.31005859,115.555076599,5.80115270615,0.0193510797084,0.0,5973.31005859,326.706115723,9.97902774811,0.054755907949,0.0,5973.31005859,349.53616333,12.0796813965,0.0585863524474,0.0,5973.31005859,331.281860352,10.9755010605,0.0555211157576,0.0,5973.31005859,ADM2,85,85,BIH,BIH-ADM2-47562260B56213260,Nevesinje,ADM2
86,170.248321533,5.28389072418,0.209594169795,0.0,818.329956055,135.832229614,5.97522974014,0.166969331896,0.0,818.329956055,75.4043426514,2.82267594337,0.0928302914294,0.0,818.329956055,125.238464355,4.69353151321,0.153984914987,0.0,818.329956055,123.021827698,4.68053102493,0.15128978342,0.0,818.329956055,81.5272293091,3.26391887665,0.100341320295,0.0,818.329956055,161.889556885,5.8153591156,0.19915699675,0.0,818.329956055,174.914489746,4.90212583542,0.215235972461,0.0,818.329956055,120.821578979,3.59542036057,0.14910791744,0.0,818.329956055,ADM2,86,86,BIH,BIH-ADM2-47562260B46335853,Novo Goražde,ADM2
87,1840.17089844,82.1894454956,29.3818703929,3.58149123192,64.6699981689,1830.25878906,81.7558670044,29.1960517506,3.5043900013,64.6699981689,1583.41503906,70.039390564,25.3053079843,4.29199647903,64.6699981689,1726.84790039,76.6197357178,27.5554074281,2.99664139748,64.6699981689,1700.36914062,74.878868103,27.1304629925,2.90300321579,64.6699981689,1212.40039062,58.5220756531,19.3628807649,2.39614772797,64.6699981689,1924.73242188,94.7907104492,30.7418847522,3.84588313103,64.6699981689,1632.58410645,75.7870254517,26.0909231555,3.11076545715,64.6699981689,1736.63916016,76.8421325684,27.7263851653,3.89665412903,64.6699981689,ADM2,87,87,BIH,BIH-ADM2-47562260B63200034,Novo Sarajevo,ADM2
88,3876.94238281,64.083694458,12.6446655668,0.0,314.640014648,3628.796875,65.7757110596,11.8431161847,0.0,314.640014648,3001.74804688,49.4992446899,9.80159565048,0.0,314.640014648,3601.94873047,59.9970855713,11.7635603542,0.0,314.640014648,3289.29443359,53.4799842834,10.732855797,0.0,314.640014648,2360.39697266,45.4373321533,7.70433534148,0.0,314.640014648,3892.98339844,71.201713562,12.7064458964,0.0,314.640014648,3592.5378418,54.1645812988,11.7132953241,0.0,314.640014648,3624.38476562,64.5923156738,11.8303656329,0.0,314.640014648,ADM2,88,88,BIH,BIH-ADM2-47562260B23187908,Novi Grad,ADM2
89,1089.96081543,14.1032152176,0.684308455445,0.0,1600.84997559,837.358459473,12.3456878662,0.525909593892,0.0,1600.84997559,609.510681152,8.7713060379,0.382929525544,0.0,1600.84997559,1007.19067383,18.8262901306,0.632067181657,0.0,1600.84997559,955.18951416,15.4829883575,0.599293619888,0.0,1600.84997559,547.397460938,7.17594909668,0.343911893775,0.0,1600.84997559,1270.88781738,17.6437511444,0.797532075778,0.0,1600.84997559,1057.67736816,12.2361574173,0.663697603949,0.0,1600.84997559,1071.14257812,13.5593528748,0.672169187494,0.0,1600.84997559,ADM2,89,89,BIH,BIH-ADM2-47562260B58271717,Novi Travnik,ADM2
90,384.998413086,8.88483810425,0.33654528687,0.0,1163.41003418,357.659362793,8.0627155304,0.311607542032,0.0,1163.41003418,201.587860107,5.43557834625,0.176388007114,0.0,1163.41003418,290.711303711,7.4886059761,0.254262622125,0.0,1163.41003418,302.089141846,5.90211725235,0.263887102884,0.0,1163.41003418,177.370544434,4.83067274094,0.155149623928,0.0,1163.41003418,402.203552246,8.44979190826,0.351557962423,0.0,1163.41003418,523.728820801,8.26674175262,0.455632695288,0.0,1163.41003418,366.923370361,8.56656646729,0.320872980892,0.0,1163.41003418,ADM2,90,90,BIH,BIH-ADM2-47562260B60800564,Odžak,ADM2
91,1080.71618652,78.0818252563,3.10124329706,0.0,357.139984131,908.032226562,90.7844467163,2.61098370982,0.0,357.139984131,690.423828125,55.0079803467,1.98182558003,0.0,357.139984131,857.460021973,75.3407058716,2.46282778229,0.0,357.139984131,873.821838379,83.9146652222,2.51267080021,0.0,357.139984131,552.698547363,58.1477355957,1.59128900831,0.0,357.139984131,1011.19152832,77.0940933228,2.90385361453,0.0,357.139984131,1058.77624512,80.0352935791,3.03574287192,0.0,357.139984131,970.146789551,69.8691864014,2.78210091242,0.0,357.139984131,ADM2,91,91,BIH,BIH-ADM2-47562260B74463287,Stari Grad,ADM2
92,412.067443848,10.4969415665,0.153875547628,0.0,2688.14013672,189.964981079,9.06463909149,0.0708452449604,0.0,2688.14013672,101.610229492,5.63708591461,0.0379018405472,0.0,2688.14013672,201.933029175,7.85565471649,0.075346216303,0.0,2688.14013672,216.969528198,8.47279548645,0.0809973380244,0.0,2688.14013672,108.437652588,6.86017274857,0.0404329846462,0.0,2688.14013672,301.206420898,8.21028900146,0.11248236849,0.0,2688.14013672,420.216674805,9.03289413452,0.156913800489,0.0,2688.14013672,312.142089844,6.64839792252,0.116591972275,0.0,2688.14013672,ADM2,92,92,BIH,BIH-ADM2-47562260B78922940,Olovo,ADM2
93,1279.40014648,21.1636829376,1.53677450307,0.0,841.010009766,820.580322266,17.7157249451,0.989103668728,0.0,841.010009766,566.516967773,17.1230106354,0.682408899993,0.0,841.010009766,1143.85644531,22.3934745789,1.37542459872,0.0,841.010009766,886.967651367,19.319852829,1.06796278081,0.0,841.010009766,495.858215332,14.8976736069,0.598149200029,0.0,841.010009766,1441.71704102,30.4244880676,1.73241018419,0.0,841.010009766,1187.89526367,16.7978839874,1.42661140209,0.0,841.010009766,1303.1965332,22.2601222992,1.56647696213,0.0,841.010009766,ADM2,93,93,BIH,BIH-ADM2-47562260B11433768,Orašje,ADM2
94,134.344970703,3.42626595497,0.259751032582,0.0,519.680053711,85.387588501,2.83591198921,0.165023901415,0.0,519.680053711,38.7218551636,2.35266113281,0.0750516213499,0.0,519.680053711,52.6636810303,1.67504835129,0.10183935251,0.0,519.680053711,62.0438919067,2.50513792038,0.11996389253,0.0,519.680053711,37.1231689453,1.49831295013,0.0719720389427,0.0,519.680053711,100.844825745,3.04659724236,0.195055109073,0.0,519.680053711,144.359725952,3.04624176025,0.279359694398,0.0,519.680053711,89.2823944092,2.66494345665,0.172691176421,0.0,519.680053711,ADM2,94,94,BIH,BIH-ADM2-47562260B43785259,Osmaci,ADM2
95,62.5702590942,1.76098525524,0.0421799994417,0.0,1500.9699707,36.7594528198,1.37744343281,0.0247444739124,0.0,1500.9699707,24.5531635284,0.79179161787,0.0165567962605,0.0,1500.9699707,39.0780410767,2.5754108429,0.0265354654731,0.0,1500.9699707,41.940071106,1.9664080143,0.0283030892023,0.0,1500.9699707,17.5741653442,0.741995334625,0.0118726037333,0.0,1500.9699707,60.7993087769,2.40752243996,0.0410344267092,0.0,1500.9699707,73.4299621582,2.81890010834,0.0493435980186,0.0,1500.9699707,57.4356079102,2.14577054977,0.0387764450159,0.0,1500.9699707,ADM2,95,95,BIH,BIH-ADM2-47562260B65325363,Oštra Luka,ADM2
96,1860.86010742,38.0704269409,0.572141764279,0.0,3257.2902832,1183.66992188,23.7143211365,0.36369141635,0.0,3257.2902832,859.172851562,16.1892776489,0.264148834519,0.0,3257.2902832,1437.08959961,32.8693351746,0.441664160132,0.0,3257.2902832,1560.68725586,27.5540828705,0.479575288956,0.0,3257.2902832,635.91595459,10.9947004318,0.195476588308,0.0,3257.2902832,1896.97888184,38.2514266968,0.583054196325,0.0,3257.2902832,2075.85742188,36.3776664734,0.638325085304,0.0,3257.2902832,1840.67712402,37.3342552185,0.565798403767,0.0,3257.2902832,ADM2,96,96,BIH,BIH-ADM2-47562260B44996816,Pale,ADM2
97,48.5864601135,1.89543831348,0.0786804277813,0.0,625.380004883,12.7660322189,1.31782972813,0.0209301260253,0.0,625.380004883,7.98404073715,1.08791720867,0.0131908218238,0.0,625.380004883,12.9636440277,1.3479013443,0.0213255906561,0.0,625.380004883,9.07412815094,1.19788551331,0.0150062450824,0.0,625.380004883,5.26433944702,0.872506022453,0.00873966717863,0.0,625.380004883,25.3261108398,1.38415491581,0.0412085415543,0.0,625.380004883,55.6818161011,1.90621960163,0.0904760044423,0.0,625.380004883,35.248550415,1.5128275156,0.0571475375238,0.0,625.380004883,ADM2,97,97,BIH,BIH-ADM2-47562260B37589747,Pale-Prača,ADM2
98,492.453918457,16.8512802124,0.665614741011,0.0,752.359985352,437.385742188,17.3477210999,0.590359646954,0.0,752.359985352,296.899536133,10.9728517532,0.400357188961,0.0,752.359985352,400.020690918,19.9842128754,0.541141367808,0.0,752.359985352,405.020019531,20.1603221893,0.548102992283,0.0,752.359985352,246.807128906,7.26545238495,0.332343700152,0.0,752.359985352,544.079956055,17.2265071869,0.734765277848,0.0,752.359985352,458.193054199,11.4501237869,0.618796849924,0.0,752.359985352,467.319061279,17.5851917267,0.631507453313,0.0,752.359985352,ADM2,98,98,BIH,BIH-ADM2-47562260B94433020,Pelagićevo,ADM2
99,98.5925445557,5.48145961761,0.103278871834,0.0,961.170043945,78.4841079712,4.85102701187,0.0823557637136,0.0,961.170043945,69.8434295654,3.93303394318,0.0733562543812,0.0,961.170043945,103.859085083,7.02314901352,0.108693088262,0.0,961.170043945,95.271270752,6.22077846527,0.0997827323177,0.0,961.170043945,57.8543777466,3.21206927299,0.0607249239112,0.0,961.170043945,138.59161377,7.72760248184,0.145202862867,0.0,961.170043945,97.9661102295,5.66836547852,0.102601090581,0.0,961.170043945,133.496017456,7.80695390701,0.139822745561,0.0,961.170043945,ADM2,99,99,BIH,BIH-ADM2-47562260B73074758,Petrovac,ADM2
100,441.168060303,13.0782995224,0.282085458704,0.0,1614.75,320.299499512,11.5826683044,0.205302796107,0.0,1614.75,201.343429565,6.48240804672,0.128823842229,0.0,1614.75,360.518005371,9.33225345612,0.230505336646,0.0,1614.75,299.376068115,9.00431728363,0.191681766205,0.0,1614.75,171.323165894,9.67418384552,0.110155285157,0.0,1614.75,393.774810791,9.36415481567,0.2516529468,0.0,1614.75,436.737060547,9.32535552979,0.278942749358,0.0,1614.75,352.717285156,13.9072628021,0.226012622744,0.0,1614.75,ADM2,100,100,BIH,BIH-ADM2-47562260B57012016,Petrovo,ADM2
101,1884.19189453,33.4256629944,0.638927658905,0.0,2958.02001953,1300.74975586,19.167181015,0.440838401666,0.0,2958.02001953,742.908630371,12.259718895,0.251604128254,0.0,2958.02001953,1137.92468262,21.4150123596,0.385407915603,0.0,2958.02001953,1090.28723145,17.5136985779,0.369295075049,0.0,2958.02001953,796.280700684,12.5322265625,0.269635741498,0.0,2958.02001953,1562.54504395,25.5392875671,0.529799477566,0.0,2958.02001953,2017.60546875,34.777179718,0.683826641154,0.0,2958.02001953,1600.38623047,26.4324626923,0.542655090138,0.0,2958.02001953,ADM2,101,101,BIH,BIH-ADM2-47562260B96067332,Posušje,ADM2
102,1993.02893066,30.9671459198,0.472173648692,0.0,4225.20996094,921.088684082,28.9292049408,0.218134358268,0.0,4225.20996094,855.641723633,27.1687488556,0.202589302257,0.0,4225.20996094,1150.2911377,29.6307563782,0.272448295867,0.0,4225.20996094,876.262817383,23.9128131866,0.207554568604,0.0,4225.20996094,523.307678223,13.078956604,0.123901531845,0.0,4225.20996094,1620.05761719,33.2119827271,0.383869043503,0.0,4225.20996094,2136.30664062,28.2382621765,0.506074039395,0.0,4225.20996094,1650.70068359,27.2341308594,0.391152824168,0.0,4225.20996094,ADM2,102,102,BIH,BIH-ADM2-47562260B83665459,Prnjavor,ADM2
103,802.328369141,13.9525270462,0.2595930515,0.0,3093.93994141,487.990905762,8.93347358704,0.157892333552,0.0,3093.93994141,366.043182373,7.97680044174,0.11840067438,0.0,3093.93994141,572.528320312,12.421295166,0.185201140381,0.0,3093.93994141,503.289642334,8.1699962616,0.162856711777,0.0,3093.93994141,301.849578857,5.4582362175,0.0976466477425,0.0,3093.93994141,778.121337891,15.1479034424,0.251776257092,0.0,3093.93994141,694.639770508,11.0139799118,0.224790929273,0.0,3093.93994141,685.803955078,11.2611436844,0.221910541173,0.0,3093.93994141,ADM2,103,103,BIH,BIH-ADM2-47562260B7922544,Prozor,ADM2
104,446.723266602,14.7031898499,0.224497427319,0.0,2055.41992188,274.274200439,19.5522518158,0.139831590583,0.0,2055.41992188,153.403808594,17.2027816772,0.079099260444,0.0,2055.41992188,243.728775024,17.1520690918,0.124784202196,0.0,2055.41992188,256.113830566,17.4540672302,0.130744357953,0.0,2055.41992188,179.790359497,18.1366157532,0.0922936985537,0.0,2055.41992188,331.948699951,15.6444368362,0.168523509389,0.0,2055.41992188,495.8515625,15.2695169449,0.249582717918,0.0,2055.41992188,408.552154541,15.278468132,0.206019044121,0.0,2055.41992188,ADM2,104,104,BIH,BIH-ADM2-47562260B61886173,Ravno,ADM2
105,186.362884521,4.24219179153,0.0555492844272,0.0,3372.97021484,145.15663147,4.58061790466,0.0433445111758,0.0,3372.97021484,80.1467590332,2.6970179081,0.0239328095749,0.0,3372.97021484,197.510543823,5.89011621475,0.0590653566883,0.0,3372.97021484,166.52104187,5.54269218445,0.0498197472361,0.0,3372.97021484,73.5365982056,3.00580883026,0.02200502089,0.0,3372.97021484,249.447570801,4.6044626236,0.0746083538791,0.0,3372.97021484,202.888381958,5.19338274002,0.0604734003889,0.0,3372.97021484,171.246139526,2.93294143677,0.0510954076673,0.0,3372.97021484,ADM2,105,105,BIH,BIH-ADM2-47562260B11215107,Ribnik,ADM2
106,368.912017822,11.980257988,0.0907454828111,0.0,4071.2800293,346.221130371,14.605919838,0.0850914742102,0.0,4071.2800293,223.260162354,8.5831785202,0.0548668051767,0.0,4071.2800293,318.84274292,12.5690593719,0.07838250817,0.0,4071.2800293,305.674041748,12.8326444626,0.0751496554145,0.0,4071.2800293,257.822814941,10.323387146,0.063361969128,0.0,4071.2800293,395.406219482,13.4545345306,0.0972489817887,0.0,4071.2800293,265.154174805,8.50101566315,0.0652398002666,0.0,4071.2800293,344.408782959,11.4612798691,0.0847317510098,0.0,4071.2800293,ADM2,106,106,BIH,BIH-ADM2-47562260B6699747,Rogatica,ADM2
107,253.655914307,6.50554227829,0.109919803247,0.0,2354.68017578,182.265899658,5.98440599442,0.0783794456844,0.0,2354.68017578,67.2405548096,2.06466293335,0.0289781611389,0.0,2354.68017578,158.003707886,4.99389648438,0.0682311702701,0.0,2354.68017578,136.403533936,3.39638710022,0.0588234529503,0.0,2354.68017578,102.496490479,3.60293221474,0.0440818889552,0.0,2354.68017578,245.006744385,5.99644804001,0.10567865853,0.0,2354.68017578,254.304748535,9.53950023651,0.110406755371,0.0,2354.68017578,224.498046875,6.3848156929,0.0969315528645,0.0,2354.68017578,ADM2,107,107,BIH,BIH-ADM2-47562260B99323913,Rudo,ADM2
108,567.901123047,10.3318510056,0.117749337254,0.0,4829.10986328,421.913482666,8.8495759964,0.0874276663911,0.0,4829.10986328,294.112457275,4.43497943878,0.0609504308016,0.0,4829.10986328,424.664672852,9.35078716278,0.0880650874787,0.0,4829.10986328,329.496063232,7.72764158249,0.0683051211584,0.0,4829.10986328,291.440002441,6.10693073273,0.0603907483785,0.0,4829.10986328,508.38949585,9.4623708725,0.105416384907,0.0,4829.10986328,607.827148438,8.58670043945,0.125983570766,0.0,4829.10986328,484.373962402,8.32957649231,0.100440153565,0.0,4829.10986328,ADM2,108,108,BIH,BIH-ADM2-47562260B11575266,Sanski Most,ADM2
109,99.378868103,3.53972744942,0.125934705068,0.0,792.989990234,28.05900383,0.88253390789,0.0356562267609,0.0,792.989990234,21.0336494446,0.733271062374,0.026698288219,0.0,792.989990234,20.5327911377,0.797110974789,0.0259922881167,0.0,792.989990234,26.8133602142,0.77078306675,0.0340193128735,0.0,792.989990234,12.2466278076,0.553942322731,0.015550672272,0.0,792.989990234,38.2438964844,0.878694236279,0.048515087967,0.0,792.989990234,146.240631104,3.88668274879,0.185970082567,0.0,792.989990234,42.8278961182,0.946778714657,0.0544569738481,0.0,792.989990234,ADM2,109,109,BIH,BIH-ADM2-47562260B61575023,Sapna,ADM2
110,168.06288147,8.51518249512,0.102390403688,0.0,1650.48999023,88.0997619629,5.01598405838,0.0537331672025,0.0,1650.48999023,72.3052978516,3.48779630661,0.0441453540205,0.0,1650.48999023,80.9514694214,4.17479705811,0.0494815634627,0.0,1650.48999023,81.3165206909,4.39613008499,0.0496190591973,0.0,1650.48999023,56.1549682617,2.52014684677,0.0342958637072,0.0,1650.48999023,137.199981689,6.04439926147,0.0837316283481,0.0,1650.48999023,154.427871704,6.76340723038,0.0941603431373,0.0,1650.48999023,142.443130493,6.75521039963,0.0867479720512,0.0,1650.48999023,ADM2,110,110,BIH,BIH-ADM2-47562260B89191356,Šekovići,ADM2
111,502.519836426,14.6973991394,0.138662770863,0.0,3621.54003906,299.406097412,10.5521650314,0.0825932127296,0.0,3621.54003906,283.434051514,11.8502607346,0.078177183368,0.0,3621.54003906,375.819702148,16.0479774475,0.103703699736,0.0,3621.54003906,309.622589111,10.4373989105,0.0854204151435,0.0,3621.54003906,184.063949585,6.29745531082,0.0507938502502,0.0,3621.54003906,454.477264404,16.4502792358,0.125442116488,0.0,3621.54003906,496.235626221,18.4670028687,0.136891785912,0.0,3621.54003906,492.990447998,16.5426635742,0.136035916988,0.0,3621.54003906,ADM2,111,111,BIH,BIH-ADM2-47562260B4433760,Šipovo,ADM2
112,2586.44628906,25.6131763458,1.03604740424,0.0,2504.33984375,2150.04492188,31.5367164612,0.860355456066,0.0,2504.33984375,1206.84777832,17.9196548462,0.482913924504,0.0,2504.33984375,1972.94396973,26.8939056396,0.789769297426,0.0,2504.33984375,2060.88232422,29.252155304,0.824870520771,0.0,2504.33984375,1336.78442383,20.5214881897,0.534926002837,0.0,2504.33984375,2323.48632812,27.2157077789,0.930689877266,0.0,2504.33984375,2617.46166992,25.3877429962,1.04846206629,0.0,2504.33984375,2317.03369141,25.636390686,0.927910851558,0.0,2504.33984375,ADM2,112,112,BIH,BIH-ADM2-47562260B63644562,Široki Brijeg,ADM2
113,156.452514648,6.08143806458,0.0719220246314,0.0,2186.29003906,80.4845809937,4.80151987076,0.0369731662397,0.0,2186.29003906,110.342079163,6.34171533585,0.0505509983991,0.0,2186.29003906,96.1218948364,5.21041488647,0.0441377372614,0.0,2186.29003906,117.117645264,6.41745996475,0.0537803738534,0.0,2186.29003906,76.4109573364,3.91939854622,0.0350452555998,0.0,2186.29003906,163.374847412,6.70152807236,0.0751083170444,0.0,2186.29003906,166.930755615,6.02120018005,0.0767678568533,0.0,2186.29003906,151.717315674,7.14617156982,0.0697779706407,0.0,2186.29003906,ADM2,113,113,BIH,BIH-ADM2-47562260B64017849,Skender Vakuf/Kneževo,ADM2
114,774.30267334,23.0138778687,0.177024818952,0.0,4379.36035156,566.81237793,16.2558250427,0.129512958203,0.0,4379.36035156,551.03302002,16.010427475,0.125905596856,0.0,4379.36035156,546.821411133,16.9598407745,0.124939540719,0.0,4379.36035156,697.608154297,20.7959251404,0.159394642243,0.0,4379.36035156,435.441619873,14.3130760193,0.0994896401925,0.0,4379.36035156,782.889526367,24.2186584473,0.178966804574,0.0,4379.36035156,828.927124023,29.0192623138,0.189498166729,0.0,4379.36035156,704.661254883,20.0252876282,0.161103270214,0.0,4379.36035156,ADM2,114,114,BIH,BIH-ADM2-47562260B49787606,Sokolac,ADM2
115,876.659790039,13.6814880371,0.291062987828,0.0,3030.02001953,713.246459961,13.4190711975,0.236756535424,0.0,3030.02001953,501.590637207,9.54866600037,0.166254421872,0.0,3030.02001953,676.025939941,12.7809677124,0.224360196216,0.0,3030.02001953,540.843261719,10.8991279602,0.179422902693,0.0,3030.02001953,334.002349854,7.60537576675,0.110840259329,0.0,3030.02001953,870.720581055,18.1021633148,0.289326354355,0.0,3030.02001953,965.60546875,13.4195661545,0.320532930004,0.0,3030.02001953,800.947937012,14.4992752075,0.266027192856,0.0,3030.02001953,ADM2,115,115,BIH,BIH-ADM2-47562260B76678668,Srbac,ADM2
116,720.723205566,9.36848926544,0.214540419957,0.0,3419.02001953,546.431640625,9.16371059418,0.163181609785,0.0,3419.02001953,420.183776855,10.2006378174,0.125279911644,0.0,3419.02001953,549.893554688,10.6442546844,0.164188152318,0.0,3419.02001953,567.34753418,11.686132431,0.169523674997,0.0,3419.02001953,381.012420654,9.77241420746,0.113909496683,0.0,3419.02001953,765.966186523,11.2333946228,0.22810055865,0.0,3419.02001953,704.874633789,9.76724243164,0.209799894535,0.0,3419.02001953,642.891479492,9.22804069519,0.191551388134,0.0,3419.02001953,ADM2,116,116,BIH,BIH-ADM2-47562260B60762723,Srebrenica,ADM2
117,1324.28588867,31.1030712128,0.81163309007,0.0,1638.84997559,845.366271973,23.3222236633,0.518173314671,0.0,1638.84997559,680.075927734,18.0861606598,0.417240691516,0.0,1638.84997559,962.382568359,25.2963447571,0.589840730542,0.0,1638.84997559,866.377319336,22.4992179871,0.530966883516,0.0,1638.84997559,533.989501953,12.7452669144,0.327368117104,0.0,1638.84997559,1227.39416504,29.4025936127,0.752212323466,0.0,1638.84997559,1268.4440918,25.2808132172,0.777442720202,0.0,1638.84997559,1180.98156738,27.0603694916,0.723856956733,0.0,1638.84997559,ADM2,117,117,BIH,BIH-ADM2-47562260B85420656,Srebrenik,ADM2
118,458.446228027,8.0270614624,0.261448443936,0.0,1759.85986328,283.147155762,7.80183029175,0.161412289246,0.0,1759.85986328,139.67868042,4.85768127441,0.079663535068,0.0,1759.85986328,266.647186279,6.33699035645,0.152035467093,0.0,1759.85986328,274.091369629,7.3742980957,0.156278010234,0.0,1759.85986328,173.976928711,4.74751186371,0.0992154584503,0.0,1759.85986328,397.366882324,7.73743867874,0.226709273048,0.0,1759.85986328,458.363952637,8.0216217041,0.261376539219,0.0,1759.85986328,400.822937012,7.26270341873,0.228598384006,0.0,1759.85986328,ADM2,118,118,BIH,BIH-ADM2-47562260B51125098,Stolac,ADM2
119,100.204841614,2.99785661697,0.455715316077,0.0,221.579986572,66.0058135986,2.16953372955,0.300441266306,0.0,221.579986572,42.8578872681,1.47804522514,0.195405982773,0.0,221.579986572,50.65625,2.24006986618,0.2306318582,0.0,221.579986572,61.9201393127,2.1353738308,0.281797540003,0.0,221.579986572,38.1251144409,1.01425278187,0.173855468212,0.0,221.579986572,77.9416351318,2.51282167435,0.355062492768,0.0,221.579986572,127.240837097,4.35049200058,0.57883930754,0.0,221.579986572,84.4554977417,2.53904294968,0.385059567716,0.0,221.579986572,ADM2,119,119,BIH,BIH-ADM2-47562260B15404933,Teočak,ADM2
120,1924.40454102,21.4345817566,1.58969845424,0.0,1214.35998535,1184.72387695,22.0366573334,0.978641429323,0.0,1214.35998535,1018.45941162,18.6136798859,0.840834720702,0.0,1214.35998535,1252.8828125,24.9791660309,1.03461645924,0.0,1214.35998535,1151.13525391,23.1413326263,0.950987684297,0.0,1214.35998535,698.899414062,12.9681825638,0.577167307657,0.0,1214.35998535,1598.7331543,25.6527767181,1.32035069903,0.0,1214.35998535,1969.11645508,17.3449420929,1.62706427815,0.0,1214.35998535,1757.61022949,21.5218677521,1.45189632687,0.0,1214.35998535,ADM2,120,120,BIH,BIH-ADM2-47562260B48454801,Tešanj,ADM2
121,2004.60717773,39.5710716248,0.364137082264,0.0,5506.88964844,1352.40966797,33.6098175049,0.24554327494,0.0,5506.88964844,1313.54821777,29.8537635803,0.238472486318,0.0,5506.88964844,1653.82397461,38.9581222534,0.300313441935,0.0,5506.88964844,1450.38305664,30.1624660492,0.263401801288,0.0,5506.88964844,777.360412598,17.1676044464,0.141127495501,0.0,5506.88964844,1970.80395508,41.5157585144,0.357999186538,0.0,5506.88964844,1886.41210938,30.3319034576,0.342729431592,0.0,5506.88964844,1928.65368652,35.6349220276,0.35037383368,0.0,5506.88964844,ADM2,121,121,BIH,BIH-ADM2-47562260B89567191,Teslić,ADM2
122,1679.1394043,25.0915775299,0.260350602473,0.0,6473.44042969,1292.05090332,22.5147819519,0.200412751063,0.0,6473.44042969,880.870361328,19.691236496,0.136359065668,0.0,6473.44042969,1067.10400391,25.6928329468,0.165667691603,0.0,6473.44042969,1114.8248291,25.2549228668,0.172997839813,0.0,6473.44042969,716.096862793,16.0809936523,0.110919419466,0.0,6473.44042969,1523.19995117,29.7306900024,0.236337149449,0.0,6473.44042969,1558.2824707,20.658323288,0.241529240452,0.0,6473.44042969,1483.23388672,24.7456798553,0.230082598003,0.0,6473.44042969,ADM2,122,122,BIH,BIH-ADM2-47562260B98597647,Tomislavgrad,ADM2
123,2787.72998047,23.6463108063,0.789019264027,0.0,3547.64013672,1771.9453125,17.9668178558,0.501880795588,0.0,3547.64013672,1267.65026855,12.2034769058,0.359013499653,0.0,3547.64013672,2192.95825195,21.4391059875,0.62078121401,0.0,3547.64013672,2112.1796875,19.8854904175,0.597722084365,0.0,3547.64013672,1125.54345703,9.71159744263,0.318872540367,0.0,3547.64013672,2672.35888672,21.0810623169,0.756613674864,0.0,3547.64013672,2668.31298828,22.9404182434,0.755031180215,0.0,3547.64013672,2568.39794922,21.0960578918,0.726835684633,0.0,3547.64013672,ADM2,123,123,BIH,BIH-ADM2-47562260B39001576,Travnik,ADM2
124,346.365234375,8.86019420624,0.156712538518,0.0,2223.95996094,165.070053101,4.96614742279,0.0748583220602,0.0,2223.95996094,154.052154541,7.00578165054,0.0697226804541,0.0,2223.95996094,159.276580811,6.58516025543,0.0721108025798,0.0,2223.95996094,228.477081299,8.17499542236,0.103418830617,0.0,2223.95996094,113.728637695,4.6177611351,0.0515097669854,0.0,2223.95996094,293.871887207,6.18978691101,0.132966214695,0.0,2223.95996094,308.797058105,9.4045343399,0.140084005778,0.0,2223.95996094,267.579589844,8.37460136414,0.121103803473,0.0,2223.95996094,ADM2,124,124,BIH,BIH-ADM2-47562260B94804324,Trnovo,ADM2
125,7156.71142578,64.9612197876,3.69720920295,0.0,1941.5,5738.47900391,71.4775466919,2.96448671111,0.0,1941.5,4752.60449219,50.7452354431,2.45488653188,0.0,1941.5,6028.65966797,67.2237014771,3.1145659153,0.0,1941.5,5402.69873047,56.6052627563,2.79130291156,0.0,1941.5,3688.20068359,37.0154151917,1.90562927865,0.0,1941.5,6593.11914062,56.2829246521,3.40620823384,0.0,1941.5,6389.51708984,53.1898193359,3.30101032182,0.0,1941.5,6336.15966797,54.8724136353,3.27368547009,0.0,1941.5,ADM2,125,125,BIH,BIH-ADM2-47562260B5309025,Tuzla,ADM2
126,657.240966797,21.4563064575,0.681584602513,0.0,967.040039062,690.985595703,18.5059089661,0.715773212518,0.0,967.040039062,435.944396973,13.2440414429,0.451729840951,0.0,967.040039062,597.172363281,19.8293437958,0.61852658498,0.0,967.040039062,691.530090332,18.561378479,0.716483724109,0.0,967.040039062,404.413452148,11.9985256195,0.418867755193,0.0,967.040039062,731.843383789,21.527671814,0.758216509918,0.0,967.040039062,582.182617188,15.1515130997,0.603459880081,0.0,967.040039062,635.992858887,19.316280365,0.659176712087,0.0,967.040039062,ADM2,126,126,BIH,BIH-ADM2-47562260B53743728,Ugljevik,ADM2
127,89.1507110596,8.53558540344,0.545023410251,0.0,170.410003662,56.693107605,9.61395072937,0.352019365618,0.0,170.410003662,45.2090263367,7.84686374664,0.280280348011,0.0,170.410003662,48.5734329224,7.75096082687,0.301860325232,0.0,170.410003662,48.6562957764,7.79846048355,0.300891449775,0.0,170.410003662,34.7077789307,5.75227451324,0.215141369145,0.0,170.410003662,68.3404693604,7.53739500046,0.420978771834,0.0,170.410003662,100.583518982,8.39203071594,0.614323564567,0.0,170.410003662,73.5448760986,8.16050624847,0.452035876846,0.0,170.410003662,ADM2,127,127,BIH,BIH-ADM2-47562260B62390278,Usora,ADM2
128,95.5726776123,2.65607833862,0.0928365505716,0.0,1035.57995605,68.368057251,2.8398501873,0.0663617898252,0.0,1035.57995605,23.4978733063,1.16700851917,0.0227539248154,0.0,1035.57995605,62.5793266296,2.13242006302,0.0606629708917,0.0,1035.57995605,60.0021896362,2.18966937065,0.0580793738235,0.0,1035.57995605,26.048034668,1.06065011024,0.0252156984086,0.0,1035.57995605,90.6740722656,3.22363734245,0.0880668262385,0.0,1035.57995605,85.9674072266,2.45749902725,0.0833036092101,0.0,1035.57995605,70.2632141113,2.46823644638,0.0681640821468,0.0,1035.57995605,ADM2,128,128,BIH,BIH-ADM2-47562260B66088677,Ustikolina,ADM2
129,169.594940186,3.30890464783,0.0679878186469,0.0,2504.51000977,92.2030944824,2.17495107651,0.036929341221,0.0,2504.51000977,81.8481445312,2.64411950111,0.0327844838677,0.0,2504.51000977,95.5755157471,2.98797345161,0.0382737508661,0.0,2504.51000977,101.745773315,3.30018138885,0.040785156804,0.0,2504.51000977,61.8745880127,1.66309762001,0.024771595221,0.0,2504.51000977,153.489593506,3.51891136169,0.0613900743234,0.0,2504.51000977,172.472930908,3.40561246872,0.0691473217545,0.0,2504.51000977,156.874633789,3.3900244236,0.0628644288329,0.0,2504.51000977,ADM2,129,129,BIH,BIH-ADM2-47562260B45671959,Vareš,ADM2
130,1363.6081543,19.6245956421,0.632765325581,0.0,2165.43994141,559.666625977,12.8098955154,0.259924092394,0.0,2165.43994141,415.54776001,10.6341180801,0.193024839441,0.0,2165.43994141,694.01940918,16.9038715363,0.322210402229,0.0,2165.43994141,656.141235352,15.8271608353,0.304721203785,0.0,2165.43994141,331.808258057,8.2022857666,0.153996395879,0.0,2165.43994141,978.71105957,20.8656673431,0.454718680442,0.0,2165.43994141,1406.22546387,20.3300056458,0.652431578,0.0,2165.43994141,1108.37023926,17.8812713623,0.514740688723,0.0,2165.43994141,ADM2,130,130,BIH,BIH-ADM2-47562260B19324783,Velika Kladuša,ADM2
131,688.357727051,22.1090831757,0.238028263156,0.0,2895.15991211,602.532958984,23.1971206665,0.208384379468,0.0,2895.15991211,282.684783936,12.2503833771,0.0977972732601,0.0,2895.15991211,505.757385254,18.3627929688,0.174893872407,0.0,2895.15991211,445.594055176,16.2694854736,0.154110764442,0.0,2895.15991211,359.688018799,11.6378221512,0.124399134784,0.0,2895.15991211,663.039245605,21.8100032806,0.229238096749,0.0,2895.15991211,645.020202637,19.5794010162,0.223086444707,0.0,2895.15991211,659.57208252,21.3082504272,0.228013953717,0.0,2895.15991211,ADM2,131,131,BIH,BIH-ADM2-47562260B79260958,Višegrad,ADM2
132,1750.91931152,28.4195194244,1.21253002258,0.0,1448.68994141,1108.82885742,16.8297176361,0.768043735128,0.0,1448.68994141,723.313476562,12.1233797073,0.501269759756,0.0,1448.68994141,1092.66430664,18.3505210876,0.756858048374,0.0,1448.68994141,960.499389648,14.8521900177,0.665462013868,0.0,1448.68994141,757.025268555,11.1553707123,0.524186225381,0.0,1448.68994141,1450.82543945,23.9173526764,1.00504060775,0.0,1448.68994141,1674.04223633,23.8114395142,1.15898103441,0.0,1448.68994141,1414.46520996,24.3070907593,0.979784202635,0.0,1448.68994141,ADM2,132,132,BIH,BIH-ADM2-47562260B36360269,Visoko,ADM2
133,1220.78430176,14.301525116,1.14741905875,0.0,1069.29003906,900.005981445,14.1172609329,0.845070180006,0.0,1069.29003906,567.848693848,8.13396453857,0.533297743675,0.0,1069.29003906,955.45513916,13.4771308899,0.897158380973,0.0,1069.29003906,820.844787598,12.4559345245,0.771260310256,0.0,1069.29003906,591.195556641,8.66556835175,0.555078085565,0.0,1069.29003906,1216.01904297,16.3270606995,1.14220926335,0.0,1069.29003906,1033.51550293,11.4373693466,0.971249475712,0.0,1069.29003906,1084.83166504,15.140173912,1.01933088571,0.0,1069.29003906,ADM2,133,133,BIH,BIH-ADM2-47562260B16651325,Vitez,ADM2
134,300.087005615,13.9703369141,0.205531122114,0.0,1464.22998047,313.222137451,17.8775291443,0.214302446524,0.0,1464.22998047,273.288269043,15.828499794,0.18691587564,0.0,1464.22998047,286.6668396,16.6113185883,0.196191209314,0.0,1464.22998047,314.922668457,18.0073127747,0.215480376141,0.0,1464.22998047,216.249343872,13.6632633209,0.147891415201,0.0,1464.22998047,340.589324951,19.3240242004,0.233158797933,0.0,1464.22998047,253.296356201,12.8747310638,0.173531619551,0.0,1464.22998047,283.000701904,14.2002563477,0.193890080499,0.0,1464.22998047,ADM2,134,134,BIH,BIH-ADM2-47562260B89409489,Vlasenica,ADM2
135,1640.40698242,28.0509738922,3.46330264227,0.0,478.719970703,1201.68322754,21.9064064026,2.53737204244,0.0,478.719970703,960.517578125,15.7525978088,2.03291276286,0.0,478.719970703,1188.55419922,21.8650131226,2.51193487025,0.0,478.719970703,1079.33374023,19.4341964722,2.27959162845,0.0,478.719970703,736.543640137,13.3534383774,1.5567540147,0.0,478.719970703,1492.62475586,23.8836669922,3.1536637045,0.0,478.719970703,1643.47058105,28.3640327454,3.46747467699,0.0,478.719970703,1440.2520752,23.286693573,3.04402408941,0.0,478.719970703,ADM2,135,135,BIH,BIH-ADM2-47562260B27477518,Vogošća,ADM2
136,926.578979492,17.5759372711,0.241712843998,0.0,3846.20019531,597.342895508,12.7533607483,0.155778021093,0.0,3846.20019531,446.416107178,9.07463169098,0.116384272798,0.0,3846.20019531,607.711181641,13.7776288986,0.158330151646,0.0,3846.20019531,563.633605957,13.8379926682,0.146911396937,0.0,3846.20019531,411.2734375,8.96041107178,0.107121132815,0.0,3846.20019531,790.572814941,15.3162641525,0.20610936131,0.0,3846.20019531,1050.95581055,15.7793588638,0.274024992297,0.0,3846.20019531,811.213623047,16.2234039307,0.211501200389,0.0,3846.20019531,ADM2,136,136,BIH,BIH-ADM2-47562260B52250756,Zavidovići,ADM2
137,725.309936523,16.7300796509,0.555077073547,0.0,1314.34008789,572.583007812,19.7913475037,0.437860736225,0.0,1314.34008789,363.202331543,11.2267951965,0.277939212703,0.0,1314.34008789,515.243713379,21.0866470337,0.393930117613,0.0,1314.34008789,504.266113281,18.2964363098,0.38573323069,0.0,1314.34008789,346.847473145,10.2323884964,0.26507327539,0.0,1314.34008789,639.999328613,20.0921039581,0.489645651905,0.0,1314.34008789,646.492431641,14.0447444916,0.494840552124,0.0,1314.34008789,578.084594727,14.8988695145,0.442316081727,0.0,1314.34008789,ADM2,137,137,BIH,BIH-ADM2-47562260B1280803,Žepče,ADM2
138,4873.00488281,36.8159751892,2.56364248701,0.0,1905.77001953,3417.86621094,36.5056037903,1.79775698302,0.0,1905.77001953,2477.57568359,26.2125816345,1.3036192863,0.0,1905.77001953,3766.44726562,37.7929725647,1.98113730628,0.0,1905.77001953,3471.32421875,37.2578353882,1.82599268492,0.0,1905.77001953,2165.68701172,28.8313350677,1.13938664488,0.0,1905.77001953,4547.60839844,40.3919334412,2.39238355299,0.0,1905.77001953,4382.86132812,29.8298206329,2.30611971926,0.0,1905.77001953,4536.78320312,35.8664665222,2.38688375693,0.0,1905.77001953,ADM2,138,138,BIH,BIH-ADM2-47562260B54056783,Živinice,ADM2
139,1369.22436523,19.5429592133,0.568821934537,0.0,2447.33007812,1090.30224609,18.6864318848,0.453076966142,0.0,2447.33007812,703.070556641,16.738445282,0.292535530611,0.0,2447.33007812,988.437072754,17.6538257599,0.410681034748,0.0,2447.33007812,1012.33770752,17.2951259613,0.421148293202,0.0,2447.33007812,661.370849609,14.4725475311,0.275006276806,0.0,2447.33007812,1203.58984375,17.7659854889,0.499778246846,0.0,2447.33007812,1341.60205078,18.5407295227,0.557606418945,0.0,2447.33007812,1229.53857422,17.5165061951,0.510202560108,0.0,2447.33007812,ADM2,139,139,BIH,BIH-ADM2-47562260B73487367,Zvornik,ADM2
140,119.713592529,4.34595489502,0.269491515884,0.0,460.110015869,88.3023605347,3.79398417473,0.198851479638,0.0,460.110015869,56.9992675781,2.69535207748,0.128683598233,0.0,460.110015869,81.4081802368,4.15585756302,0.183463486484,0.0,460.110015869,82.309677124,3.76405453682,0.185250621562,0.0,460.110015869,51.6149864197,2.21756458282,0.116231171399,0.0,460.110015869,124.869735718,4.53473043442,0.280338104475,0.0,460.110015869,133.708587646,3.72583293915,0.300195130215,0.0,460.110015869,115.677574158,4.25262308121,0.25999719189,0.0,460.110015869,ADM2,140,140,BIH,BIH-ADM2-47562260B86439005,Bratunac,ADM2
141,148.017974854,5.01531934738,0.223566450646,0.0,673.390014648,73.7239074707,3.84477496147,0.11189368651,0.0,673.390014648,74.645614624,3.01656723022,0.11281335312,0.0,673.390014648,61.5173225403,2.81700992584,0.0935672541942,0.0,673.390014648,79.083656311,4.26275587082,0.120205144809,0.0,673.390014648,49.4685440063,2.50355744362,0.0751611161516,0.0,673.390014648,120.944732666,3.6151573658,0.182954420596,0.0,673.390014648,164.332183838,6.0071310997,0.248016051975,0.0,673.390014648,121.256332397,3.73107004166,0.183655068777,0.0,673.390014648,ADM2,141,141,BIH,BIH-ADM2-47562260B95326144,Trnovo (RS),ADM2
